id,season,city,date,team1,team2,toss_winner,toss_decision,result,dl_applied,winner,win_by_runs,win_by_wickets,player_of_match,venue,umpire1,umpire2,umpire3
1,2017,1,04-05-2017,1,5,5,1,normal,0,1,35,0,Yuvraj Singh,"Rajiv Gandhi International Stadium, Uppal",AY Dandekar,NJ Llong,
2,2017,2,04-06-2017,2,4,4,1,normal,0,4,0,7,SPD Smith,Maharashtra Cricket Association Stadium,A Nand Kishore,S Ravi,
3,2017,3,04-07-2017,3,6,6,1,normal,0,6,0,10,CA Lynn,Saurashtra Cricket Association Stadium,Nitin Menon,CK Nandan,
4,2017,4,04-08-2017,4,8,8,1,normal,0,8,0,6,GJ Maxwell,Holkar Cricket Stadium,AK Chaudhary,C Shamshuddin,
5,2017,5,04-08-2017,5,7,5,2,normal,0,5,15,0,KM Jadhav,M Chinnaswamy Stadium,,,
6,2017,1,04-09-2017,3,1,1,1,normal,0,1,0,9,Rashid Khan,"Rajiv Gandhi International Stadium, Uppal",A Deshmukh,NJ Llong,
7,2017,6,04-09-2017,6,2,2,1,normal,0,2,0,4,N Rana,Wankhede Stadium,Nitin Menon,CK Nandan,
8,2017,4,04-10-2017,5,8,5,2,normal,0,8,0,8,AR Patel,Holkar Cricket Stadium,AK Chaudhary,C Shamshuddin,
9,2017,2,04-11-2017,7,4,4,1,normal,0,7,97,0,SV Samson,Maharashtra Cricket Association Stadium,AY Dandekar,S Ravi,
10,2017,6,04-12-2017,1,2,2,1,normal,0,2,0,4,JJ Bumrah,Wankhede Stadium,Nitin Menon,CK Nandan,
11,2017,7,4/13/2017,8,6,6,1,normal,0,6,0,8,SP Narine,Eden Gardens,A Deshmukh,NJ Llong,
12,2017,5,4/14/2017,5,2,2,1,normal,0,2,0,4,KA Pollard,M Chinnaswamy Stadium,KN Ananthapadmanabhan,AK Chaudhary,
13,2017,3,4/14/2017,4,3,3,1,normal,0,3,0,7,AJ Tye,Saurashtra Cricket Association Stadium,A Nand Kishore,S Ravi,
14,2017,7,4/15/2017,6,1,1,1,normal,0,6,17,0,RV Uthappa,Eden Gardens,AY Dandekar,NJ Llong,
15,2017,8,4/15/2017,7,8,7,2,normal,0,7,51,0,CJ Anderson,Feroz Shah Kotla,YC Barde,Nitin Menon,
16,2017,6,4/16/2017,3,2,2,1,normal,0,2,0,6,N Rana,Wankhede Stadium,A Nand Kishore,S Ravi,
17,2017,5,4/16/2017,4,5,5,1,normal,0,4,27,0,BA Stokes,M Chinnaswamy Stadium,KN Ananthapadmanabhan,C Shamshuddin,
18,2017,8,4/17/2017,7,6,7,2,normal,0,6,0,4,NM Coulter-Nile,Feroz Shah Kotla,Nitin Menon,CK Nandan,
19,2017,1,4/17/2017,1,8,8,1,normal,0,1,5,0,B Kumar,"Rajiv Gandhi International Stadium, Uppal",AY Dandekar,A Deshmukh,
20,2017,3,4/18/2017,5,3,3,1,normal,0,5,21,0,CH Gayle,Saurashtra Cricket Association Stadium,S Ravi,VK Sharma,
21,2017,1,4/19/2017,1,7,1,2,normal,0,1,15,0,KS Williamson,"Rajiv Gandhi International Stadium, Uppal",CB Gaffaney,NJ Llong,
22,2017,4,4/20/2017,8,2,2,1,normal,0,2,0,8,JC Buttler,Holkar Cricket Stadium,M Erasmus,C Shamshuddin,
23,2017,7,4/21/2017,6,3,3,1,normal,0,3,0,4,SK Raina,Eden Gardens,CB Gaffaney,Nitin Menon,
24,2017,6,4/22/2017,2,7,7,1,normal,0,2,14,0,MJ McClenaghan,Wankhede Stadium,A Nand Kishore,S Ravi,
25,2017,2,4/22/2017,1,4,4,1,normal,0,4,0,6,MS Dhoni,Maharashtra Cricket Association Stadium,AY Dandekar,A Deshmukh,
26,2017,3,4/23/2017,8,3,3,1,normal,0,8,26,0,HM Amla,Saurashtra Cricket Association Stadium,AK Chaudhary,M Erasmus,
27,2017,7,4/23/2017,6,5,5,1,normal,0,6,82,0,NM Coulter-Nile,Eden Gardens,CB Gaffaney,CK Nandan,
28,2017,6,4/24/2017,4,2,2,1,normal,0,4,3,0,BA Stokes,Wankhede Stadium,A Nand Kishore,S Ravi,
29,2017,2,4/26/2017,4,6,6,1,normal,0,6,0,7,RV Uthappa,Maharashtra Cricket Association Stadium,AY Dandekar,NJ Llong,
30,2017,5,4/27/2017,5,3,3,1,normal,0,3,0,7,AJ Tye,M Chinnaswamy Stadium,AK Chaudhary,C Shamshuddin,
31,2017,7,4/28/2017,7,6,6,1,normal,0,6,0,7,G Gambhir,Eden Gardens,NJ Llong,S Ravi,
32,2017,9,4/28/2017,1,8,8,1,normal,0,1,26,0,Rashid Khan,"Punjab Cricket Association IS Bindra Stadium, Mohali",Nitin Menon,CK Nandan,
33,2017,2,4/29/2017,4,5,5,1,normal,0,4,61,0,LH Ferguson,Maharashtra Cricket Association Stadium,KN Ananthapadmanabhan,M Erasmus,
34,2017,3,4/29/2017,3,2,3,2,tie,0,2,0,0,KH Pandya,Saurashtra Cricket Association Stadium,AK Chaudhary,CB Gaffaney,
35,2017,9,4/30/2017,7,8,8,1,normal,0,8,0,10,Sandeep Sharma,"Punjab Cricket Association IS Bindra Stadium, Mohali",YC Barde,CK Nandan,
36,2017,1,4/30/2017,1,6,6,1,normal,0,1,48,0,DA Warner,"Rajiv Gandhi International Stadium, Uppal",AY Dandekar,S Ravi,
37,2017,6,05-01-2017,5,2,5,2,normal,0,2,0,5,RG Sharma,Wankhede Stadium,AK Chaudhary,CB Gaffaney,
38,2017,2,05-01-2017,3,4,4,1,normal,0,4,0,5,BA Stokes,Maharashtra Cricket Association Stadium,M Erasmus,C Shamshuddin,
39,2017,8,05-02-2017,1,7,7,1,normal,0,7,0,6,Mohammed Shami,Feroz Shah Kotla,YC Barde,Nitin Menon,
40,2017,7,05-03-2017,6,4,4,1,normal,0,4,0,4,RA Tripathi,Eden Gardens,KN Ananthapadmanabhan,A Nand Kishore,
41,2017,8,05-04-2017,3,7,7,1,normal,0,7,0,7,RR Pant,Feroz Shah Kotla,M Erasmus,Nitin Menon,
42,2017,5,05-05-2017,8,5,5,1,normal,0,8,19,0,Sandeep Sharma,M Chinnaswamy Stadium,CB Gaffaney,C Shamshuddin,
43,2017,1,05-06-2017,4,1,1,1,normal,0,4,12,0,JD Unadkat,"Rajiv Gandhi International Stadium, Uppal",KN Ananthapadmanabhan,AK Chaudhary,
44,2017,8,05-06-2017,2,7,7,1,normal,0,2,146,0,LMP Simmons,Feroz Shah Kotla,Nitin Menon,CK Nandan,
45,2017,5,05-07-2017,5,6,6,1,normal,0,6,0,6,SP Narine,M Chinnaswamy Stadium,AY Dandekar,C Shamshuddin,
46,2017,9,05-07-2017,8,3,3,1,normal,0,3,0,6,DR Smith,"Punjab Cricket Association IS Bindra Stadium, Mohali",A Nand Kishore,VK Sharma,
47,2017,1,05-08-2017,2,1,2,2,normal,0,1,0,7,S Dhawan,"Rajiv Gandhi International Stadium, Uppal",KN Ananthapadmanabhan,M Erasmus,
48,2017,9,05-09-2017,8,6,6,1,normal,0,8,14,0,MM Sharma,"Punjab Cricket Association IS Bindra Stadium, Mohali",A Nand Kishore,S Ravi,
49,2017,10,05-10-2017,3,7,7,1,normal,0,7,0,2,SS Iyer,Green Park,YC Barde,AK Chaudhary,
50,2017,6,05-11-2017,8,2,2,1,normal,0,8,7,0,WP Saha,Wankhede Stadium,A Deshmukh,A Nand Kishore,
51,2017,8,05-12-2017,7,4,7,2,normal,0,7,7,0,KK Nair,Feroz Shah Kotla,KN Ananthapadmanabhan,CK Nandan,
52,2017,10,5/13/2017,3,1,1,1,normal,0,1,0,8,Mohammed Siraj,Green Park,AK Chaudhary,Nitin Menon,
53,2017,7,5/13/2017,2,6,6,1,normal,0,2,9,0,AT Rayudu,Eden Gardens,A Nand Kishore,S Ravi,
54,2017,2,5/14/2017,8,4,4,1,normal,0,4,0,9,JD Unadkat,Maharashtra Cricket Association Stadium,AY Dandekar,A Deshmukh,
55,2017,8,5/14/2017,5,7,5,2,normal,0,5,10,0,HV Patel,Feroz Shah Kotla,CK Nandan,C Shamshuddin,
56,2017,6,5/16/2017,4,2,2,1,normal,0,4,20,0,Washington Sundar,Wankhede Stadium,S Ravi,C Shamshuddin,
57,2017,5,5/17/2017,1,6,6,1,normal,1,6,0,7,NM Coulter-Nile,M Chinnaswamy Stadium,AK Chaudhary,Nitin Menon,
58,2017,5,5/19/2017,6,2,2,1,normal,0,2,0,6,KV Sharma,M Chinnaswamy Stadium,NJ Llong,Nitin Menon,
59,2017,1,5/21/2017,2,4,2,2,normal,0,2,1,0,KH Pandya,"Rajiv Gandhi International Stadium, Uppal",NJ Llong,S Ravi,
60,2008,5,4/18/2008,6,5,5,1,normal,0,6,140,0,BB McCullum,M Chinnaswamy Stadium,Asad Rauf,RE Koertzen,
61,2008,9,4/19/2008,9,8,9,2,normal,0,9,33,0,MEK Hussey,"Punjab Cricket Association Stadium, Mohali",MR Benson,SL Shastri,
62,2008,8,4/19/2008,10,7,10,2,normal,0,7,0,9,MF Maharoof,Feroz Shah Kotla,Aleem Dar,GA Pratapkumar,
63,2008,6,4/20/2008,2,5,2,2,normal,0,5,0,5,MV Boucher,Wankhede Stadium,SJ Davis,DJ Harper,
64,2008,7,4/20/2008,11,6,11,2,normal,0,6,0,5,DJ Hussey,Eden Gardens,BF Bowden,K Hariharan,
65,2008,11,4/21/2008,8,10,8,2,normal,0,10,0,6,SR Watson,Sawai Mansingh Stadium,Aleem Dar,RB Tiffin,
66,2008,1,4/22/2008,11,7,11,2,normal,0,7,0,9,V Sehwag,"Rajiv Gandhi International Stadium, Uppal",IL Howell,AM Saheba,
67,2008,12,4/23/2008,9,2,2,1,normal,0,9,6,0,ML Hayden,"MA Chidambaram Stadium, Chepauk",DJ Harper,GA Pratapkumar,
68,2008,1,4/24/2008,11,10,10,1,normal,0,10,0,3,YK Pathan,"Rajiv Gandhi International Stadium, Uppal",Asad Rauf,MR Benson,
69,2008,9,4/25/2008,8,2,2,1,normal,0,8,66,0,KC Sangakkara,"Punjab Cricket Association Stadium, Mohali",Aleem Dar,AM Saheba,
70,2008,5,4/26/2008,5,10,10,1,normal,0,10,0,7,SR Watson,M Chinnaswamy Stadium,MR Benson,IL Howell,
71,2008,12,4/26/2008,6,9,6,2,normal,0,9,0,9,JDP Oram,"MA Chidambaram Stadium, Chepauk",BF Bowden,AV Jayaprakash,
72,2008,6,4/27/2008,2,11,11,1,normal,0,11,0,10,AC Gilchrist,Dr DY Patil Sports Academy,Asad Rauf,SL Shastri,
73,2008,9,4/27/2008,7,8,7,2,normal,0,8,0,4,SM Katich,"Punjab Cricket Association Stadium, Mohali",RE Koertzen,I Shivram,
74,2008,5,4/28/2008,9,5,9,2,normal,0,9,13,0,MS Dhoni,M Chinnaswamy Stadium,BR Doctrove,RB Tiffin,
75,2008,7,4/29/2008,6,2,6,2,normal,0,2,0,7,ST Jayasuriya,Eden Gardens,BF Bowden,AV Jayaprakash,
76,2008,8,4/30/2008,7,5,5,1,normal,0,7,10,0,GD McGrath,Feroz Shah Kotla,Aleem Dar,I Shivram,
77,2008,1,05-01-2008,11,8,8,1,normal,0,8,0,7,SE Marsh,"Rajiv Gandhi International Stadium, Uppal",BR Doctrove,RB Tiffin,
78,2008,11,05-01-2008,10,6,10,2,normal,0,10,45,0,SA Asnodkar,Sawai Mansingh Stadium,RE Koertzen,GA Pratapkumar,
79,2008,12,05-02-2008,9,7,9,2,normal,0,7,0,8,V Sehwag,"MA Chidambaram Stadium, Chepauk",BF Bowden,K Hariharan,
80,2008,1,5/25/2008,11,5,11,2,normal,0,5,0,5,R Vinay Kumar,"Rajiv Gandhi International Stadium, Uppal",Asad Rauf,RE Koertzen,
81,2008,9,05-03-2008,8,6,8,2,normal,0,8,9,0,IK Pathan,"Punjab Cricket Association Stadium, Mohali",DJ Harper,I Shivram,
82,2008,6,05-04-2008,2,7,7,1,normal,0,2,29,0,SM Pollock,Dr DY Patil Sports Academy,IL Howell,RE Koertzen,
83,2008,11,05-04-2008,9,10,9,2,normal,0,10,0,8,Sohail Tanvir,Sawai Mansingh Stadium,Asad Rauf,AV Jayaprakash,
84,2008,5,05-05-2008,5,8,8,1,normal,0,8,0,6,S Sreesanth,M Chinnaswamy Stadium,SJ Davis,BR Doctrove,
85,2008,12,05-06-2008,9,11,11,1,normal,0,11,0,7,AC Gilchrist,"MA Chidambaram Stadium, Chepauk",MR Benson,RB Tiffin,
86,2008,6,05-07-2008,10,2,2,1,normal,0,2,0,7,A Nehra,Dr DY Patil Sports Academy,DJ Harper,RE Koertzen,
87,2008,8,05-08-2008,7,9,9,1,normal,0,9,0,4,MS Dhoni,Feroz Shah Kotla,Aleem Dar,RB Tiffin,
88,2008,7,05-08-2008,6,5,6,2,normal,0,6,5,0,SC Ganguly,Eden Gardens,Asad Rauf,IL Howell,
89,2008,11,05-09-2008,11,10,10,1,normal,0,10,0,8,YK Pathan,Sawai Mansingh Stadium,MR Benson,AM Saheba,
90,2008,5,5/28/2008,5,2,2,1,normal,0,2,0,9,CRD Fernando,M Chinnaswamy Stadium,BF Bowden,AV Jayaprakash,
91,2008,12,05-10-2008,9,8,8,1,normal,0,9,18,0,L Balaji,"MA Chidambaram Stadium, Chepauk",AV Jayaprakash,BG Jerling,
92,2008,1,05-11-2008,6,11,6,2,normal,0,6,23,0,SC Ganguly,"Rajiv Gandhi International Stadium, Uppal",IL Howell,AM Saheba,
93,2008,11,05-11-2008,7,10,10,1,normal,0,10,0,3,SR Watson,Sawai Mansingh Stadium,SJ Davis,RE Koertzen,
94,2008,9,05-12-2008,5,8,5,2,normal,0,8,0,9,SE Marsh,"Punjab Cricket Association Stadium, Mohali",BR Doctrove,I Shivram,
95,2008,7,5/13/2008,6,7,6,2,normal,0,6,23,0,Shoaib Akhtar,Eden Gardens,Asad Rauf,IL Howell,
96,2008,6,5/14/2008,9,2,2,1,normal,0,2,0,9,ST Jayasuriya,Wankhede Stadium,BR Doctrove,AM Saheba,
97,2008,9,5/28/2008,8,10,10,1,normal,0,8,41,0,SE Marsh,"Punjab Cricket Association Stadium, Mohali",SJ Davis,K Hariharan,
98,2008,8,5/15/2008,7,11,11,1,normal,0,7,12,0,A Mishra,Feroz Shah Kotla,BG Jerling,GA Pratapkumar,
99,2008,6,5/16/2008,6,2,2,1,normal,0,2,0,8,SM Pollock,Wankhede Stadium,BR Doctrove,DJ Harper,
100,2008,8,5/17/2008,7,8,7,2,normal,1,8,6,0,DPMD Jayawardene,Feroz Shah Kotla,AV Jayaprakash,RE Koertzen,
101,2008,11,5/17/2008,10,5,5,1,normal,0,10,65,0,GC Smith,Sawai Mansingh Stadium,BF Bowden,SL Shastri,
102,2008,1,5/18/2008,2,11,11,1,normal,0,2,25,0,DJ Bravo,"Rajiv Gandhi International Stadium, Uppal",BR Doctrove,DJ Harper,
103,2008,7,5/18/2008,6,9,6,2,normal,1,9,3,0,M Ntini,Eden Gardens,Asad Rauf,K Hariharan,
104,2008,5,5/19/2008,5,7,7,1,normal,0,7,0,5,SP Goswami,M Chinnaswamy Stadium,SJ Davis,GA Pratapkumar,
105,2008,7,5/20/2008,6,10,10,1,normal,0,10,0,6,YK Pathan,Eden Gardens,BG Jerling,RE Koertzen,
106,2008,6,5/21/2008,8,2,2,1,normal,0,8,1,0,SE Marsh,Wankhede Stadium,BF Bowden,GA Pratapkumar,
107,2008,12,5/21/2008,5,9,5,2,normal,0,5,14,0,A Kumble,"MA Chidambaram Stadium, Chepauk",DJ Harper,I Shivram,
108,2008,9,5/23/2008,11,8,8,1,normal,0,8,0,6,SE Marsh,"Punjab Cricket Association Stadium, Mohali",Asad Rauf,SJ Davis,
109,2008,8,5/24/2008,2,7,7,1,normal,0,7,0,5,KD Karthik,Feroz Shah Kotla,BF Bowden,K Hariharan,
110,2008,12,5/24/2008,10,9,10,2,normal,0,10,10,0,JA Morkel,"MA Chidambaram Stadium, Chepauk",DJ Harper,SL Shastri,
111,2008,5,05-03-2008,5,11,11,1,normal,0,5,3,0,P Kumar,M Chinnaswamy Stadium,BR Doctrove,SL Shastri,
112,2008,7,5/25/2008,8,6,8,2,normal,0,6,0,3,Umar Gul,Eden Gardens,SJ Davis,I Shivram,
113,2008,11,5/26/2008,2,10,10,1,normal,0,10,0,5,Sohail Tanvir,Sawai Mansingh Stadium,BF Bowden,K Hariharan,
114,2008,1,5/27/2008,11,9,11,2,normal,0,9,0,7,SK Raina,"Rajiv Gandhi International Stadium, Uppal",BG Jerling,AM Saheba,
115,2008,6,5/30/2008,10,7,7,1,normal,0,10,105,0,SR Watson,Wankhede Stadium,BF Bowden,RE Koertzen,
116,2008,6,5/31/2008,8,9,8,2,normal,0,9,0,9,M Ntini,Wankhede Stadium,Asad Rauf,DJ Harper,
117,2008,6,06-01-2008,9,10,10,1,normal,0,10,0,3,YK Pathan,Dr DY Patil Sports Academy,BF Bowden,RE Koertzen,
118,2009,13,4/18/2009,2,9,9,1,normal,0,2,19,0,SR Tendulkar,Newlands,BR Doctrove,K Hariharan,
119,2009,13,4/18/2009,5,10,5,2,normal,0,5,75,0,R Dravid,Newlands,BR Doctrove,RB Tiffin,
120,2009,13,4/19/2009,8,7,7,1,normal,1,7,0,10,DL Vettori,Newlands,MR Benson,SD Ranade,
121,2009,13,4/19/2009,6,11,6,2,normal,0,11,0,8,RP Singh,Newlands,MR Benson,BR Doctrove,
122,2009,14,4/20/2009,9,5,9,2,normal,0,9,92,0,M Muralitharan,St George's Park,BG Jerling,SJA Taufel,
123,2009,15,4/21/2009,8,6,6,1,normal,1,6,11,0,CH Gayle,Kingsmead,DJ Harper,SD Ranade,
124,2009,13,4/22/2009,11,5,11,2,normal,0,11,24,0,AC Gilchrist,Newlands,M Erasmus,AM Saheba,
125,2009,15,4/23/2009,7,9,7,2,normal,0,7,9,0,AB de Villiers,Kingsmead,BR Doctrove,SJA Taufel,
126,2009,13,4/23/2009,10,6,6,1,tie,0,10,0,0,YK Pathan,Newlands,MR Benson,M Erasmus,
127,2009,15,4/24/2009,5,8,5,2,normal,0,8,0,7,RS Bopara,Kingsmead,BR Doctrove,TH Wijewardene,
128,2009,15,4/25/2009,11,2,11,2,normal,0,11,12,0,PP Ojha,Kingsmead,HDPK Dharmasena,SJA Taufel,
129,2009,14,4/26/2009,5,7,5,2,normal,0,7,0,6,TM Dilshan,St George's Park,S Asnani,BG Jerling,
130,2009,13,4/26/2009,8,10,8,2,normal,0,8,27,0,KC Sangakkara,Newlands,M Erasmus,K Hariharan,
131,2009,15,4/27/2009,9,11,11,1,normal,0,11,0,6,HH Gibbs,Kingsmead,IL Howell,TH Wijewardene,
132,2009,14,4/27/2009,2,6,2,2,normal,0,2,92,0,SR Tendulkar,St George's Park,BG Jerling,RB Tiffin,
133,2009,16,4/28/2009,7,10,7,2,normal,0,10,0,5,YK Pathan,SuperSport Park,GAV Baxter,RE Koertzen,
134,2009,15,4/29/2009,6,5,6,2,normal,0,5,0,5,MV Boucher,Kingsmead,MR Benson,TH Wijewardene,
135,2009,15,4/29/2009,8,2,8,2,normal,0,8,3,0,KC Sangakkara,Kingsmead,MR Benson,SL Shastri,
136,2009,16,4/30/2009,11,7,7,1,normal,0,7,0,6,DP Nannes,SuperSport Park,GAV Baxter,AM Saheba,
137,2009,16,4/30/2009,9,10,10,1,normal,0,9,38,0,SK Raina,SuperSport Park,GAV Baxter,RE Koertzen,
138,2009,17,05-01-2009,2,6,2,2,normal,0,2,9,0,JP Duminy,Buffalo Park,M Erasmus,SK Tarapore,
139,2009,15,05-01-2009,5,8,5,2,normal,0,5,8,0,Yuvraj Singh,Kingsmead,HDPK Dharmasena,S Ravi,
140,2009,14,05-02-2009,11,10,11,2,normal,0,10,0,3,YK Pathan,St George's Park,S Asnani,BG Jerling,
141,2009,18,05-02-2009,9,7,7,1,normal,0,9,18,0,SB Jakati,New Wanderers Stadium,DJ Harper,RE Koertzen,
142,2009,14,05-03-2009,6,8,6,2,normal,0,8,0,6,DPMD Jayawardene,St George's Park,S Asnani,MR Benson,
143,2009,18,05-03-2009,2,5,2,2,normal,0,5,0,9,JH Kallis,New Wanderers Stadium,RE Koertzen,TH Wijewardene,
144,2009,17,05-04-2009,9,11,9,2,normal,0,9,78,0,MS Dhoni,Buffalo Park,BR Doctrove,M Erasmus,
145,2009,15,05-05-2009,10,8,8,1,normal,0,10,78,0,GC Smith,Kingsmead,SS Hazare,IL Howell,
146,2009,15,05-05-2009,6,7,6,2,normal,0,7,0,9,G Gambhir,Kingsmead,GAV Baxter,IL Howell,
147,2009,16,05-06-2009,11,2,11,2,normal,0,11,19,0,RG Sharma,SuperSport Park,MR Benson,HDPK Dharmasena,
148,2009,16,05-07-2009,5,10,10,1,normal,0,10,0,7,A Singh,SuperSport Park,K Hariharan,DJ Harper,
149,2009,16,05-07-2009,9,8,9,2,normal,1,9,12,0,ML Hayden,SuperSport Park,DJ Harper,TH Wijewardene,
150,2009,17,05-08-2009,2,7,2,2,normal,0,7,0,7,A Nehra,Buffalo Park,M Erasmus,SK Tarapore,
151,2009,19,05-09-2009,11,8,8,1,normal,0,8,0,3,DPMD Jayawardene,De Beers Diamond Oval,GAV Baxter,AM Saheba,
152,2009,19,05-09-2009,10,9,10,2,normal,0,9,0,7,S Badrinath,De Beers Diamond Oval,GAV Baxter,HDPK Dharmasena,
153,2009,14,05-10-2009,2,5,2,2,normal,0,2,16,0,JP Duminy,St George's Park,BR Doctrove,BG Jerling,
154,2009,18,05-10-2009,6,7,7,1,normal,0,7,0,7,A Mishra,New Wanderers Stadium,SL Shastri,RB Tiffin,
155,2009,19,05-11-2009,11,10,11,2,normal,0,11,53,0,DR Smith,De Beers Diamond Oval,GAV Baxter,HDPK Dharmasena,
156,2009,16,05-12-2009,6,5,5,1,normal,0,5,0,6,LRPL Taylor,SuperSport Park,M Erasmus,SS Hazare,
157,2009,16,05-12-2009,8,2,8,2,normal,0,2,0,8,Harbhajan Singh,SuperSport Park,SS Hazare,RE Koertzen,
158,2009,15,5/13/2009,7,11,11,1,normal,0,7,12,0,R Bhatia,Kingsmead,DJ Harper,SL Shastri,
159,2009,15,5/14/2009,9,5,9,2,normal,0,5,0,2,LRPL Taylor,Kingsmead,BR Doctrove,DJ Harper,
160,2009,15,5/14/2009,10,2,10,2,normal,0,10,2,0,SK Warne,Kingsmead,BR Doctrove,DJ Harper,
161,2009,20,5/15/2009,7,8,8,1,normal,0,8,0,6,B Lee,OUTsurance Oval,HDPK Dharmasena,IL Howell,
162,2009,14,5/16/2009,2,9,2,2,normal,0,9,0,7,ML Hayden,St George's Park,SK Tarapore,SJA Taufel,
163,2009,18,5/16/2009,6,11,11,1,normal,0,11,0,6,RG Sharma,New Wanderers Stadium,RE Koertzen,S Ravi,
164,2009,18,5/17/2009,8,11,11,1,normal,0,8,1,0,Yuvraj Singh,New Wanderers Stadium,S Ravi,RB Tiffin,
165,2009,20,5/17/2009,7,10,7,2,normal,0,7,14,0,AB de Villiers,OUTsurance Oval,SS Hazare,IL Howell,
166,2009,16,5/18/2009,9,6,9,2,normal,0,6,0,7,BJ Hodge,SuperSport Park,SJA Taufel,RB Tiffin,
167,2009,18,5/19/2009,7,5,7,2,normal,0,5,0,7,JH Kallis,New Wanderers Stadium,IL Howell,RB Tiffin,
168,2009,15,5/20/2009,10,6,6,1,normal,0,6,0,4,LR Shukla,Kingsmead,BG Jerling,SJA Taufel,
169,2009,15,5/20/2009,9,8,9,2,normal,0,9,24,0,M Muralitharan,Kingsmead,BG Jerling,SJA Taufel,
170,2009,16,5/21/2009,2,7,7,1,normal,0,7,0,4,V Sehwag,SuperSport Park,IL Howell,S Ravi,
171,2009,16,5/21/2009,5,11,5,2,normal,0,5,12,0,MK Pandey,SuperSport Park,IL Howell,S Ravi,
172,2009,16,5/22/2009,7,11,11,1,normal,0,11,0,6,AC Gilchrist,SuperSport Park,BR Doctrove,DJ Harper,
173,2009,18,5/23/2009,9,5,5,1,normal,0,5,0,6,MK Pandey,New Wanderers Stadium,RE Koertzen,SJA Taufel,
174,2009,18,5/24/2009,11,5,5,1,normal,0,11,6,0,A Kumble,New Wanderers Stadium,RE Koertzen,SJA Taufel,
175,2010,6,03-12-2010,6,11,11,1,normal,0,6,11,0,AD Mathews,Dr DY Patil Sports Academy,RE Koertzen,RB Tiffin,
176,2010,6,3/13/2010,2,10,2,2,normal,0,2,4,0,YK Pathan,Brabourne Stadium,RE Koertzen,RB Tiffin,
177,2010,9,3/13/2010,8,7,7,1,normal,0,7,0,5,G Gambhir,"Punjab Cricket Association Stadium, Mohali",BR Doctrove,S Ravi,
178,2010,7,3/14/2010,5,6,6,1,normal,0,6,0,7,MK Tiwary,Eden Gardens,HDPK Dharmasena,AM Saheba,
179,2010,12,3/14/2010,11,9,11,2,normal,0,11,31,0,WPUJC Vaas,"MA Chidambaram Stadium, Chepauk",K Hariharan,DJ Harper,
180,2010,21,3/15/2010,10,7,7,1,normal,0,7,0,6,V Sehwag,"Sardar Patel Stadium, Motera",BG Jerling,RE Koertzen,
181,2010,5,3/16/2010,8,5,8,2,normal,0,5,0,8,JH Kallis,M Chinnaswamy Stadium,S Das,DJ Harper,
182,2010,7,3/16/2010,9,6,9,2,normal,0,9,55,0,MS Dhoni,Eden Gardens,HDPK Dharmasena,AM Saheba,
183,2010,8,3/17/2010,2,7,7,1,normal,0,2,98,0,SR Tendulkar,Feroz Shah Kotla,BR Doctrove,SK Tarapore,
184,2010,5,3/18/2010,10,5,5,1,normal,0,5,0,10,JH Kallis,M Chinnaswamy Stadium,K Hariharan,DJ Harper,
185,2010,8,3/19/2010,7,9,7,2,normal,0,9,0,5,ML Hayden,Feroz Shah Kotla,BR Doctrove,SK Tarapore,
186,2010,22,3/19/2010,11,8,8,1,normal,0,11,6,0,A Symonds,Barabati Stadium,BF Bowden,M Erasmus,
187,2010,21,3/20/2010,10,6,10,2,normal,0,10,34,0,AA Jhunjhunwala,"Sardar Patel Stadium, Motera",RE Koertzen,RB Tiffin,
188,2010,6,3/20/2010,2,5,2,2,normal,0,5,0,7,JH Kallis,Brabourne Stadium,HDPK Dharmasena,SS Hazare,
189,2010,22,3/21/2010,11,7,11,2,normal,0,11,10,0,A Symonds,Barabati Stadium,BF Bowden,M Erasmus,
190,2010,12,3/21/2010,8,9,9,1,tie,0,8,0,0,J Theron,"MA Chidambaram Stadium, Chepauk",K Hariharan,DJ Harper,
191,2010,6,3/22/2010,6,2,6,2,normal,0,2,0,7,SR Tendulkar,Brabourne Stadium,SS Hazare,SJA Taufel,
192,2010,5,3/23/2010,5,9,9,1,normal,0,5,36,0,RV Uthappa,M Chinnaswamy Stadium,RE Koertzen,RB Tiffin,
193,2010,9,3/24/2010,10,8,8,1,normal,0,10,31,0,AC Voges,"Punjab Cricket Association Stadium, Mohali",BR Doctrove,SK Tarapore,
194,2010,6,3/25/2010,9,2,2,1,normal,0,2,0,5,SR Tendulkar,Brabourne Stadium,BF Bowden,AM Saheba,
195,2010,21,3/26/2010,11,10,11,2,normal,0,10,0,8,YK Pathan,"Sardar Patel Stadium, Motera",HDPK Dharmasena,SJA Taufel,
196,2010,9,3/27/2010,6,8,6,2,normal,0,6,39,0,MK Tiwary,"Punjab Cricket Association Stadium, Mohali",BR Doctrove,S Ravi,
197,2010,5,3/25/2010,7,5,5,1,normal,0,7,17,0,KM Jadhav,M Chinnaswamy Stadium,BG Jerling,RE Koertzen,
198,2010,21,3/28/2010,10,9,10,2,normal,0,10,17,0,NV Ojha,"Sardar Patel Stadium, Motera",SS Hazare,SJA Taufel,
199,2010,6,3/28/2010,2,11,11,1,normal,0,2,41,0,Harbhajan Singh,Dr DY Patil Sports Academy,S Das,K Hariharan,
200,2010,8,3/29/2010,7,6,7,2,normal,0,7,40,0,DA Warner,Feroz Shah Kotla,SS Hazare,SJA Taufel,
201,2010,6,3/30/2010,8,2,2,1,normal,0,2,0,4,SL Malinga,Brabourne Stadium,BR Doctrove,SK Tarapore,
202,2010,12,3/31/2010,5,9,5,2,normal,0,9,0,5,M Vijay,"MA Chidambaram Stadium, Chepauk",BG Jerling,RE Koertzen,
203,2010,8,3/31/2010,7,10,7,2,normal,0,7,67,0,KD Karthik,Feroz Shah Kotla,HDPK Dharmasena,SJA Taufel,
204,2010,7,04-01-2010,6,11,6,2,normal,0,6,24,0,SC Ganguly,Eden Gardens,K Hariharan,DJ Harper,
205,2010,9,04-02-2010,8,5,8,2,normal,0,5,0,6,KP Pietersen,"Punjab Cricket Association Stadium, Mohali",BF Bowden,M Erasmus,
206,2010,12,04-03-2010,9,10,9,2,normal,0,9,23,0,M Vijay,"MA Chidambaram Stadium, Chepauk",RE Koertzen,RB Tiffin,
207,2010,6,04-03-2010,2,11,2,2,normal,0,2,63,0,AT Rayudu,Brabourne Stadium,BR Doctrove,S Ravi,
208,2010,7,04-04-2010,6,8,6,2,normal,0,8,0,8,DPMD Jayawardene,Eden Gardens,S Asnani,DJ Harper,
209,2010,8,04-04-2010,7,5,7,2,normal,0,7,37,0,PD Collingwood,Feroz Shah Kotla,BF Bowden,M Erasmus,
210,2010,23,04-05-2010,10,11,10,2,normal,0,10,2,0,SK Warne,"Vidarbha Cricket Association Stadium, Jamtha",HDPK Dharmasena,SJA Taufel,
211,2010,12,04-06-2010,9,2,9,2,normal,0,9,24,0,SK Raina,"MA Chidambaram Stadium, Chepauk",S Asnani,DJ Harper,
212,2010,11,04-07-2010,8,10,8,2,normal,0,10,0,9,MJ Lumb,Sawai Mansingh Stadium,S Ravi,SK Tarapore,
213,2010,7,04-07-2010,6,7,6,2,normal,0,6,14,0,SC Ganguly,Eden Gardens,BG Jerling,RE Koertzen,
214,2010,5,04-08-2010,5,11,11,1,normal,0,11,0,7,TL Suman,M Chinnaswamy Stadium,S Asnani,DJ Harper,
215,2010,9,04-09-2010,2,8,2,2,normal,0,8,0,6,KC Sangakkara,"Punjab Cricket Association Stadium, Mohali",M Erasmus,AM Saheba,
216,2010,23,04-10-2010,9,11,9,2,normal,0,11,0,6,RJ Harris,"Vidarbha Cricket Association Stadium, Jamtha",HDPK Dharmasena,SJA Taufel,
217,2010,5,04-10-2010,6,5,5,1,normal,0,5,0,7,R Vinay Kumar,M Chinnaswamy Stadium,K Hariharan,DJ Harper,
218,2010,8,04-11-2010,7,8,7,2,normal,0,8,0,7,PP Chawla,Feroz Shah Kotla,BF Bowden,AM Saheba,
219,2010,11,04-11-2010,2,10,10,1,normal,0,2,37,0,SR Tendulkar,Sawai Mansingh Stadium,BR Doctrove,SK Tarapore,
220,2010,23,04-12-2010,11,5,5,1,normal,0,11,13,0,Harmeet Singh,"Vidarbha Cricket Association Stadium, Jamtha",RE Koertzen,RB Tiffin,
221,2010,6,4/13/2010,2,7,2,2,normal,0,2,39,0,KA Pollard,Brabourne Stadium,S Asnani,DJ Harper,
222,2010,12,4/13/2010,6,9,6,2,normal,0,9,0,9,R Ashwin,"MA Chidambaram Stadium, Chepauk",SS Hazare,SJA Taufel,
223,2010,11,4/14/2010,10,5,10,2,normal,0,5,0,5,KP Pietersen,Sawai Mansingh Stadium,BR Doctrove,S Ravi,
224,2010,12,4/15/2010,9,7,9,2,normal,0,7,0,6,G Gambhir,"MA Chidambaram Stadium, Chepauk",HDPK Dharmasena,SS Hazare,
225,2010,24,4/16/2010,8,11,11,1,normal,0,11,0,5,RG Sharma,Himachal Pradesh Cricket Association Stadium,M Erasmus,AM Saheba,
226,2010,5,4/17/2010,2,5,5,1,normal,0,2,57,0,R McLaren,M Chinnaswamy Stadium,HDPK Dharmasena,SJA Taufel,
227,2010,7,4/17/2010,10,6,10,2,normal,0,6,0,8,JD Unadkat,Eden Gardens,BG Jerling,RB Tiffin,
228,2010,24,4/18/2010,8,9,9,1,normal,0,9,0,6,MS Dhoni,Himachal Pradesh Cricket Association Stadium,BF Bowden,AM Saheba,
229,2010,8,4/18/2010,11,7,11,2,normal,0,11,11,0,A Symonds,Feroz Shah Kotla,BR Doctrove,SK Tarapore,
230,2010,7,4/19/2010,2,6,2,2,normal,0,6,0,9,M Kartik,Eden Gardens,BG Jerling,RE Koertzen,
231,2010,6,4/21/2010,2,5,2,2,normal,0,2,35,0,KA Pollard,Dr DY Patil Sports Academy,BR Doctrove,RB Tiffin,
232,2010,6,4/22/2010,9,11,9,2,normal,0,9,38,0,DE Bollinger,Dr DY Patil Sports Academy,BR Doctrove,RB Tiffin,
233,2010,6,4/24/2010,11,5,11,2,normal,0,5,0,9,A Kumble,Dr DY Patil Sports Academy,RE Koertzen,SJA Taufel,
234,2010,6,4/25/2010,9,2,9,2,normal,0,9,22,0,SK Raina,Dr DY Patil Sports Academy,RE Koertzen,SJA Taufel,
235,2011,12,04-08-2011,9,6,9,2,normal,0,9,2,0,S Anirudha,"MA Chidambaram Stadium, Chepauk",BR Doctrove,PR Reiffel,
236,2011,1,04-09-2011,11,10,10,1,normal,0,10,0,8,SK Trivedi,"Rajiv Gandhi International Stadium, Uppal",RE Koertzen,SK Tarapore,
237,2011,25,04-09-2011,12,5,12,2,normal,0,5,0,6,AB de Villiers,Nehru Stadium,HDPK Dharmasena,K Hariharan,
238,2011,8,04-10-2011,7,2,7,2,normal,0,2,0,8,SL Malinga,Feroz Shah Kotla,AM Saheba,RB Tiffin,
239,2011,6,04-10-2011,8,13,8,2,normal,0,13,0,7,SB Wagh,Dr DY Patil Sports Academy,BR Doctrove,PR Reiffel,
240,2011,7,04-11-2011,6,11,6,2,normal,0,6,9,0,JH Kallis,Eden Gardens,RE Koertzen,SK Tarapore,
241,2011,11,04-12-2011,7,10,7,2,normal,0,10,0,6,SK Warne,Sawai Mansingh Stadium,Aleem Dar,RB Tiffin,
242,2011,5,04-12-2011,5,2,2,1,normal,0,2,0,9,SR Tendulkar,M Chinnaswamy Stadium,HDPK Dharmasena,AL Hill,
243,2011,9,4/13/2011,9,8,8,1,normal,0,8,0,6,PC Valthaty,"Punjab Cricket Association Stadium, Mohali",Asad Rauf,SL Shastri,
244,2011,6,4/13/2011,12,13,12,2,normal,0,13,0,4,MD Mishra,Dr DY Patil Sports Academy,S Asnani,PR Reiffel,
245,2011,1,4/14/2011,11,5,5,1,normal,0,11,33,0,DW Steyn,"Rajiv Gandhi International Stadium, Uppal",RE Koertzen,S Ravi,
246,2011,11,4/15/2011,10,6,6,1,normal,0,6,0,9,G Gambhir,Sawai Mansingh Stadium,Aleem Dar,SS Hazare,
247,2011,6,4/15/2011,2,12,12,1,normal,0,12,0,8,BB McCullum,Wankhede Stadium,BR Doctrove,PR Reiffel,
248,2011,12,4/16/2011,9,5,9,2,normal,0,9,21,0,MEK Hussey,"MA Chidambaram Stadium, Chepauk",HDPK Dharmasena,AL Hill,
249,2011,1,4/16/2011,11,8,8,1,normal,0,8,0,8,PC Valthaty,"Rajiv Gandhi International Stadium, Uppal",RE Koertzen,S Ravi,
250,2011,6,4/17/2011,13,7,7,1,normal,0,7,0,3,Yuvraj Singh,Dr DY Patil Sports Academy,Asad Rauf,AM Saheba,
251,2011,7,4/17/2011,10,6,6,1,normal,0,6,0,8,L Balaji,Eden Gardens,Aleem Dar,RB Tiffin,
252,2011,25,4/18/2011,9,12,12,1,normal,1,12,0,7,BB McCullum,Nehru Stadium,K Hariharan,AL Hill,
253,2011,8,4/19/2011,11,7,11,2,normal,0,11,16,0,S Sohal,Feroz Shah Kotla,PR Reiffel,RJ Tucker,
254,2011,6,4/20/2011,13,2,13,2,normal,0,2,0,7,MM Patel,Wankhede Stadium,Asad Rauf,AM Saheba,
255,2011,7,4/20/2011,12,6,6,1,normal,0,12,6,0,DPMD Jayawardene,Eden Gardens,Aleem Dar,RB Tiffin,
256,2011,9,4/21/2011,8,10,10,1,normal,0,8,48,0,SE Marsh,"Punjab Cricket Association Stadium, Mohali",S Asnani,PR Reiffel,
257,2011,6,4/22/2011,2,9,9,1,normal,0,2,8,0,Harbhajan Singh,Wankhede Stadium,Asad Rauf,AM Saheba,
258,2011,7,4/22/2011,6,5,5,1,normal,0,5,0,9,CH Gayle,Eden Gardens,SS Hazare,RB Tiffin,
259,2011,8,4/23/2011,7,8,8,1,normal,0,7,29,0,DA Warner,Feroz Shah Kotla,S Asnani,RE Koertzen,
260,2011,1,4/24/2011,2,11,11,1,normal,0,2,37,0,SL Malinga,"Rajiv Gandhi International Stadium, Uppal",HDPK Dharmasena,AL Hill,
261,2011,11,4/24/2011,12,10,10,1,normal,0,10,0,8,SK Warne,Sawai Mansingh Stadium,BR Doctrove,SK Tarapore,
262,2011,12,4/25/2011,9,13,13,1,normal,0,9,25,0,MEK Hussey,"MA Chidambaram Stadium, Chepauk",Aleem Dar,RB Tiffin,
263,2011,8,4/26/2011,7,5,5,1,normal,0,5,0,3,V Kohli,Feroz Shah Kotla,S Asnani,RJ Tucker,
264,2011,6,4/27/2011,13,9,13,2,normal,0,9,0,8,DE Bollinger,Dr DY Patil Sports Academy,Asad Rauf,SL Shastri,
265,2011,25,4/27/2011,11,12,12,1,normal,0,11,55,0,I Sharma,Nehru Stadium,HDPK Dharmasena,AL Hill,
266,2011,8,4/28/2011,6,7,7,1,normal,0,6,17,0,MK Tiwary,Feroz Shah Kotla,PR Reiffel,RJ Tucker,
267,2011,11,4/29/2011,2,10,10,1,normal,0,10,0,7,J Botha,Sawai Mansingh Stadium,Asad Rauf,SK Tarapore,
268,2011,5,4/29/2011,5,13,13,1,normal,0,5,26,0,V Kohli,M Chinnaswamy Stadium,Aleem Dar,SS Hazare,
269,2011,25,4/30/2011,7,12,7,2,normal,0,7,38,0,V Sehwag,Nehru Stadium,HDPK Dharmasena,AL Hill,
270,2011,7,4/30/2011,8,6,6,1,normal,0,6,0,8,Iqbal Abdulla,Eden Gardens,AM Saheba,SL Shastri,
271,2011,11,05-01-2011,13,10,10,1,normal,0,10,0,6,LRPL Taylor,Sawai Mansingh Stadium,SK Tarapore,SJA Taufel,
272,2011,12,05-01-2011,9,11,9,2,normal,0,9,19,0,JA Morkel,"MA Chidambaram Stadium, Chepauk",Aleem Dar,RB Tiffin,
273,2011,6,05-02-2011,2,8,8,1,normal,0,2,23,0,KA Pollard,Wankhede Stadium,HDPK Dharmasena,PR Reiffel,
274,2011,8,05-02-2011,7,12,12,1,normal,0,12,0,7,P Parameswaran,Feroz Shah Kotla,Asad Rauf,SL Shastri,
275,2011,1,05-03-2011,6,11,11,1,normal,0,6,20,0,YK Pathan,"Rajiv Gandhi International Stadium, Uppal",S Asnani,RJ Tucker,
276,2011,12,05-04-2011,10,9,10,2,normal,0,9,0,8,MEK Hussey,"MA Chidambaram Stadium, Chepauk",SS Hazare,RB Tiffin,
277,2011,6,05-04-2011,2,13,13,1,normal,0,2,21,0,R Sharma,Dr DY Patil Sports Academy,HDPK Dharmasena,SJA Taufel,
278,2011,25,05-05-2011,12,6,6,1,normal,0,12,17,0,BJ Hodge,Nehru Stadium,S Ravi,RJ Tucker,
279,2011,1,05-05-2011,11,7,7,1,normal,0,7,0,4,V Sehwag,"Rajiv Gandhi International Stadium, Uppal",Asad Rauf,AM Saheba,
280,2011,5,05-06-2011,5,8,8,1,normal,0,5,85,0,CH Gayle,M Chinnaswamy Stadium,Aleem Dar,RB Tiffin,
281,2011,7,05-07-2011,9,6,9,2,normal,1,6,10,0,Iqbal Abdulla,Eden Gardens,Asad Rauf,PR Reiffel,
282,2011,6,05-07-2011,2,7,7,1,normal,0,2,32,0,AT Rayudu,Wankhede Stadium,K Hariharan,SJA Taufel,
283,2011,5,05-08-2011,12,5,12,2,normal,0,5,0,9,CH Gayle,M Chinnaswamy Stadium,Aleem Dar,SS Hazare,
284,2011,9,05-08-2011,8,13,8,2,normal,0,13,0,5,R Sharma,"Punjab Cricket Association Stadium, Mohali",SK Tarapore,RJ Tucker,
285,2011,11,05-09-2011,9,10,10,1,normal,0,9,63,0,M Vijay,Sawai Mansingh Stadium,K Hariharan,SJA Taufel,
286,2011,1,05-10-2011,11,13,11,2,normal,0,13,0,6,MR Marsh,"Rajiv Gandhi International Stadium, Uppal",Asad Rauf,AM Saheba,
287,2011,9,05-10-2011,8,2,2,1,normal,0,8,76,0,BA Bhatt,"Punjab Cricket Association Stadium, Mohali",SK Tarapore,RJ Tucker,
288,2011,11,05-11-2011,10,5,5,1,normal,0,5,0,9,S Aravind,Sawai Mansingh Stadium,HDPK Dharmasena,K Hariharan,
289,2011,12,05-12-2011,9,7,9,2,normal,0,9,18,0,MS Dhoni,"MA Chidambaram Stadium, Chepauk",AM Saheba,SL Shastri,
290,2011,4,5/13/2011,12,8,8,1,normal,0,8,0,6,KD Karthik,Holkar Cricket Stadium,S Asnani,RJ Tucker,
291,2011,5,5/14/2011,6,5,5,1,normal,1,5,0,4,CH Gayle,M Chinnaswamy Stadium,RE Koertzen,RB Tiffin,
292,2011,6,5/14/2011,11,2,11,2,normal,0,11,10,0,A Mishra,Wankhede Stadium,S Ravi,SK Tarapore,
293,2011,24,5/15/2011,8,7,7,1,normal,0,8,29,0,PP Chawla,Himachal Pradesh Cricket Association Stadium,Asad Rauf,SL Shastri,
294,2011,4,5/15/2011,10,12,12,1,normal,0,12,0,8,BJ Hodge,Holkar Cricket Stadium,PR Reiffel,RJ Tucker,
295,2011,6,5/16/2011,13,11,11,1,normal,0,11,0,6,A Mishra,Dr DY Patil Sports Academy,S Ravi,SK Tarapore,
296,2011,24,5/17/2011,8,5,8,2,normal,0,8,111,0,AC Gilchrist,Himachal Pradesh Cricket Association Stadium,Asad Rauf,AM Saheba,
297,2011,12,5/18/2011,9,12,9,2,normal,0,9,11,0,WP Saha,"MA Chidambaram Stadium, Chepauk",HDPK Dharmasena,RE Koertzen,
298,2011,6,5/19/2011,13,6,6,1,normal,0,6,0,7,YK Pathan,Dr DY Patil Sports Academy,S Ravi,SJA Taufel,
299,2011,6,5/20/2011,2,10,2,2,normal,0,10,0,10,SR Watson,Wankhede Stadium,RE Koertzen,PR Reiffel,
300,2011,24,5/21/2011,11,8,8,1,normal,0,11,82,0,S Dhawan,Himachal Pradesh Cricket Association Stadium,Asad Rauf,AM Saheba,
301,2011,8,5/21/2011,7,13,7,2,no result,0,no result,0,0,,Feroz Shah Kotla,SS Hazare,RJ Tucker,
302,2011,5,5/22/2011,9,5,5,1,normal,0,5,0,8,CH Gayle,M Chinnaswamy Stadium,K Hariharan,RE Koertzen,
303,2011,7,5/22/2011,6,2,2,1,normal,0,2,0,5,JEC Franklin,Eden Gardens,SK Tarapore,SJA Taufel,
304,2011,6,5/24/2011,5,9,9,1,normal,0,9,0,6,SK Raina,Wankhede Stadium,Asad Rauf,SJA Taufel,
305,2011,6,5/25/2011,6,2,2,1,normal,0,2,0,4,MM Patel,Wankhede Stadium,Asad Rauf,SJA Taufel,
306,2011,12,5/27/2011,5,2,2,1,normal,0,5,43,0,CH Gayle,"MA Chidambaram Stadium, Chepauk",Asad Rauf,SJA Taufel,
307,2011,12,5/28/2011,9,5,9,2,normal,0,9,58,0,M Vijay,"MA Chidambaram Stadium, Chepauk",Asad Rauf,SJA Taufel,
308,2012,12,04-04-2012,9,2,2,1,normal,0,2,0,8,RE Levi,"MA Chidambaram Stadium, Chepauk",JD Cloete,SJA Taufel,
309,2012,7,04-05-2012,6,7,7,1,normal,0,7,0,8,IK Pathan,Eden Gardens,S Asnani,HDPK Dharmasena,
310,2012,6,04-06-2012,13,2,2,1,normal,0,13,28,0,SPD Smith,Wankhede Stadium,AK Chaudhary,SJA Taufel,
311,2012,11,04-06-2012,10,8,8,1,normal,0,10,31,0,AM Rahane,Sawai Mansingh Stadium,BF Bowden,SK Tarapore,
312,2012,5,04-07-2012,5,7,7,1,normal,0,5,20,0,AB de Villiers,M Chinnaswamy Stadium,S Asnani,S Ravi,
313,2012,26,04-07-2012,9,11,11,1,normal,0,9,74,0,RA Jadeja,Dr. Y.S. Rajasekhara Reddy ACA-VDCA Cricket Stadium,JD Cloete,HDPK Dharmasena,
314,2012,11,04-08-2012,10,6,6,1,normal,0,10,22,0,BJ Hodge,Sawai Mansingh Stadium,BF Bowden,VA Kulkarni,
315,2012,2,04-08-2012,13,8,13,2,normal,0,13,22,0,MN Samuels,Subrata Roy Sahara Stadium,S Das,SJA Taufel,
316,2012,26,04-09-2012,11,2,11,2,normal,0,2,0,5,RG Sharma,Dr. Y.S. Rajasekhara Reddy ACA-VDCA Cricket Stadium,AK Chaudhary,JD Cloete,
317,2012,5,04-10-2012,6,5,5,1,normal,0,6,42,0,L Balaji,M Chinnaswamy Stadium,S Ravi,RJ Tucker,
318,2012,8,04-10-2012,9,7,7,1,normal,0,7,0,8,M Morkel,Feroz Shah Kotla,Asad Rauf,SK Tarapore,
319,2012,6,04-11-2012,2,10,10,1,normal,0,2,27,0,KA Pollard,Wankhede Stadium,Aleem Dar,BNJ Oxenford,
320,2012,12,04-12-2012,5,9,5,2,normal,0,9,0,5,F du Plessis,"MA Chidambaram Stadium, Chepauk",HDPK Dharmasena,RJ Tucker,
321,2012,9,04-12-2012,13,8,8,1,normal,0,8,0,7,AD Mascarenhas,"Punjab Cricket Association Stadium, Mohali",VA Kulkarni,SK Tarapore,
322,2012,7,4/13/2012,10,6,10,2,normal,0,6,0,5,Shakib Al Hasan,Eden Gardens,Asad Rauf,S Asnani,
323,2012,8,4/19/2012,11,7,11,2,normal,0,7,0,5,KP Pietersen,Feroz Shah Kotla,BF Bowden,SK Tarapore,
324,2012,2,4/14/2012,9,13,9,2,normal,0,13,0,7,JD Ryder,Subrata Roy Sahara Stadium,Aleem Dar,BNJ Oxenford,
325,2012,7,4/15/2012,8,6,6,1,normal,0,8,2,0,SP Narine,Eden Gardens,Asad Rauf,S Asnani,
326,2012,5,4/15/2012,10,5,10,2,normal,0,10,59,0,AM Rahane,M Chinnaswamy Stadium,JD Cloete,RJ Tucker,
327,2012,6,4/16/2012,2,7,7,1,normal,0,7,0,7,S Nadeem,Wankhede Stadium,BF Bowden,SK Tarapore,
328,2012,11,4/17/2012,11,10,11,2,normal,0,10,0,5,BJ Hodge,Sawai Mansingh Stadium,Aleem Dar,BNJ Oxenford,
329,2012,5,4/17/2012,13,5,13,2,normal,0,5,0,6,CH Gayle,M Chinnaswamy Stadium,S Asnani,S Das,
330,2012,9,4/18/2012,8,6,8,2,normal,0,6,0,8,G Gambhir,"Punjab Cricket Association Stadium, Mohali",JD Cloete,RJ Tucker,
331,2012,1,05-10-2012,11,7,11,2,normal,0,7,0,9,DA Warner,"Rajiv Gandhi International Stadium, Uppal",JD Cloete,SJA Taufel,
332,2012,12,4/19/2012,9,13,13,1,normal,0,9,13,0,KMDN Kulasekara,"MA Chidambaram Stadium, Chepauk",Asad Rauf,S Das,
333,2012,9,4/20/2012,8,5,5,1,normal,0,5,0,5,CH Gayle,"Punjab Cricket Association Stadium, Mohali",S Ravi,RJ Tucker,
334,2012,12,4/21/2012,10,9,10,2,normal,0,9,0,7,F du Plessis,"MA Chidambaram Stadium, Chepauk",Aleem Dar,BNJ Oxenford,
335,2012,8,4/21/2012,13,7,7,1,normal,0,13,20,0,SC Ganguly,Feroz Shah Kotla,Asad Rauf,S Das,
336,2012,6,4/22/2012,2,8,2,2,normal,0,8,0,6,SE Marsh,Wankhede Stadium,S Ravi,RJ Tucker,
337,2012,22,4/22/2012,11,6,6,1,normal,0,6,0,5,B Lee,Barabati Stadium,BF Bowden,SK Tarapore,
338,2012,11,4/23/2012,5,10,10,1,normal,0,5,46,0,AB de Villiers,Sawai Mansingh Stadium,Asad Rauf,S Asnani,
339,2012,2,4/24/2012,13,7,13,2,normal,0,7,0,8,V Sehwag,Subrata Roy Sahara Stadium,S Ravi,RJ Tucker,
340,2012,9,4/25/2012,8,2,8,2,normal,0,2,0,4,AT Rayudu,"Punjab Cricket Association Stadium, Mohali",Aleem Dar,BNJ Oxenford,
341,2012,2,4/26/2012,11,13,11,2,normal,0,11,18,0,CL White,Subrata Roy Sahara Stadium,S Ravi,RJ Tucker,
342,2012,8,4/27/2012,7,2,2,1,normal,0,7,37,0,V Sehwag,Feroz Shah Kotla,Aleem Dar,BNJ Oxenford,
343,2012,12,4/28/2012,8,9,8,2,normal,0,8,7,0,Mandeep Singh,"MA Chidambaram Stadium, Chepauk",BF Bowden,SK Tarapore,
344,2012,7,4/28/2012,6,5,6,2,normal,0,6,47,0,G Gambhir,Eden Gardens,Asad Rauf,BR Doctrove,
345,2012,8,4/29/2012,7,10,7,2,normal,0,7,1,0,V Sehwag,Feroz Shah Kotla,S Ravi,RJ Tucker,
346,2012,6,4/29/2012,11,2,2,1,normal,0,2,0,5,DW Steyn,Wankhede Stadium,AK Chaudhary,BNJ Oxenford,
347,2012,12,4/30/2012,9,6,9,2,normal,0,6,0,5,G Gambhir,"MA Chidambaram Stadium, Chepauk",BF Bowden,C Shamshuddin,
348,2012,22,05-01-2012,11,13,11,2,normal,0,11,13,0,KC Sangakkara,Barabati Stadium,Aleem Dar,AK Chaudhary,
349,2012,11,05-01-2012,10,7,10,2,normal,0,7,0,6,P Negi,Sawai Mansingh Stadium,JD Cloete,SJA Taufel,
350,2012,5,05-02-2012,5,8,8,1,normal,0,8,0,4,Azhar Mahmood,M Chinnaswamy Stadium,BF Bowden,C Shamshuddin,
351,2012,2,05-03-2012,2,13,2,2,normal,0,2,1,0,SL Malinga,Subrata Roy Sahara Stadium,Asad Rauf,S Asnani,
352,2012,12,05-04-2012,9,11,9,2,normal,0,9,10,0,SK Raina,"MA Chidambaram Stadium, Chepauk",HDPK Dharmasena,BNJ Oxenford,
353,2012,7,05-05-2012,6,13,6,2,normal,0,6,7,0,SP Narine,Eden Gardens,BF Bowden,SK Tarapore,
354,2012,9,05-05-2012,10,8,10,2,normal,0,10,43,0,SR Watson,"Punjab Cricket Association Stadium, Mohali",JD Cloete,SJA Taufel,
355,2012,6,05-06-2012,9,2,2,1,normal,0,2,0,2,DR Smith,Wankhede Stadium,Asad Rauf,S Asnani,
356,2012,5,05-06-2012,11,5,5,1,normal,0,5,0,5,AB de Villiers,M Chinnaswamy Stadium,HDPK Dharmasena,BNJ Oxenford,
357,2012,8,05-07-2012,7,6,7,2,normal,0,6,0,6,JH Kallis,Feroz Shah Kotla,JD Cloete,S Ravi,
358,2012,2,05-08-2012,13,10,13,2,normal,0,10,0,7,SR Watson,Subrata Roy Sahara Stadium,Asad Rauf,BR Doctrove,
359,2012,1,05-08-2012,8,11,11,1,normal,0,8,25,0,Mandeep Singh,"Rajiv Gandhi International Stadium, Uppal",HDPK Dharmasena,BNJ Oxenford,
360,2012,6,05-09-2012,2,5,5,1,normal,0,5,0,9,CH Gayle,Wankhede Stadium,BF Bowden,VA Kulkarni,
361,2012,11,05-10-2012,10,9,9,1,normal,0,9,0,4,BW Hilfenhaus,Sawai Mansingh Stadium,BNJ Oxenford,C Shamshuddin,
362,2012,2,05-11-2012,5,13,13,1,normal,0,5,35,0,CH Gayle,Subrata Roy Sahara Stadium,BF Bowden,SK Tarapore,
363,2012,7,05-12-2012,2,6,2,2,normal,0,2,27,0,RG Sharma,Eden Gardens,S Ravi,SJA Taufel,
364,2012,12,05-12-2012,7,9,9,1,normal,0,9,0,9,BW Hilfenhaus,"MA Chidambaram Stadium, Chepauk",S Das,BR Doctrove,
365,2012,11,5/13/2012,10,13,10,2,normal,0,10,45,0,A Chandila,Sawai Mansingh Stadium,BF Bowden,SK Tarapore,
366,2012,9,5/13/2012,11,8,11,2,normal,0,8,0,4,DJ Hussey,"Punjab Cricket Association Stadium, Mohali",HDPK Dharmasena,BNJ Oxenford,
367,2012,5,5/14/2012,5,2,2,1,normal,0,2,0,5,AT Rayudu,M Chinnaswamy Stadium,S Das,BR Doctrove,
368,2012,7,5/14/2012,6,9,9,1,normal,0,9,0,5,MEK Hussey,Eden Gardens,JD Cloete,SJA Taufel,
369,2012,8,5/15/2012,8,7,8,2,normal,0,7,0,5,UT Yadav,Feroz Shah Kotla,HDPK Dharmasena,BNJ Oxenford,
370,2012,6,5/16/2012,6,2,2,1,normal,0,6,32,0,SP Narine,Wankhede Stadium,S Das,BR Doctrove,
371,2012,24,5/17/2012,9,8,8,1,normal,0,8,0,6,AC Gilchrist,Himachal Pradesh Cricket Association Stadium,VA Kulkarni,SK Tarapore,
372,2012,8,5/17/2012,5,7,7,1,normal,0,5,21,0,CH Gayle,Feroz Shah Kotla,HDPK Dharmasena,C Shamshuddin,
373,2012,1,5/18/2012,10,11,10,2,normal,0,11,0,5,DW Steyn,"Rajiv Gandhi International Stadium, Uppal",S Ravi,SJA Taufel,
374,2012,24,5/19/2012,8,7,7,1,normal,0,7,0,6,UT Yadav,Himachal Pradesh Cricket Association Stadium,BF Bowden,VA Kulkarni,
375,2012,2,5/19/2012,6,13,6,2,normal,0,6,34,0,Shakib Al Hasan,Subrata Roy Sahara Stadium,S Asnani,BR Doctrove,
376,2012,1,5/20/2012,11,5,5,1,normal,0,11,9,0,DW Steyn,"Rajiv Gandhi International Stadium, Uppal",S Ravi,SJA Taufel,
377,2012,11,5/20/2012,10,2,10,2,normal,0,2,0,10,DR Smith,Sawai Mansingh Stadium,HDPK Dharmasena,C Shamshuddin,
378,2012,2,5/22/2012,6,7,6,2,normal,0,6,18,0,YK Pathan,Subrata Roy Sahara Stadium,BR Doctrove,SJA Taufel,
379,2012,5,5/23/2012,9,2,2,1,normal,0,9,38,0,MS Dhoni,M Chinnaswamy Stadium,BF Bowden,HDPK Dharmasena,
380,2012,12,5/25/2012,9,7,7,1,normal,0,9,86,0,M Vijay,"MA Chidambaram Stadium, Chepauk",BR Doctrove,SJA Taufel,
381,2012,12,5/27/2012,9,6,9,2,normal,0,6,0,5,MS Bisla,"MA Chidambaram Stadium, Chepauk",BF Bowden,SJA Taufel,
382,2013,7,04-03-2013,7,6,6,1,normal,0,6,0,6,SP Narine,Eden Gardens,S Ravi,SJA Taufel,
383,2013,5,04-04-2013,5,2,2,1,normal,0,5,2,0,CH Gayle,M Chinnaswamy Stadium,VA Kulkarni,C Shamshuddin,
384,2013,1,04-05-2013,1,13,13,1,normal,0,1,22,0,A Mishra,"Rajiv Gandhi International Stadium, Uppal",S Ravi,SJA Taufel,
385,2013,8,04-06-2013,10,7,10,2,normal,0,10,5,0,R Dravid,Feroz Shah Kotla,S Das,C Shamshuddin,
386,2013,12,04-06-2013,2,9,2,2,normal,0,2,9,0,KA Pollard,"MA Chidambaram Stadium, Chepauk",M Erasmus,VA Kulkarni,
387,2013,2,04-07-2013,13,8,13,2,normal,0,8,0,8,M Vohra,Subrata Roy Sahara Stadium,S Asnani,SJA Taufel,
388,2013,1,04-07-2013,5,1,5,2,tie,0,1,0,0,GH Vihari,"Rajiv Gandhi International Stadium, Uppal",AK Chaudhary,S Ravi,
389,2013,11,04-08-2013,10,6,6,1,normal,0,10,19,0,SK Trivedi,Sawai Mansingh Stadium,Aleem Dar,S Das,
390,2013,6,04-09-2013,2,7,2,2,normal,0,2,44,0,KD Karthik,Wankhede Stadium,M Erasmus,VA Kulkarni,
391,2013,9,04-10-2013,8,9,9,1,normal,0,9,0,10,MEK Hussey,"Punjab Cricket Association Stadium, Mohali",Aleem Dar,C Shamshuddin,
392,2013,5,04-11-2013,6,5,5,1,normal,0,5,0,8,CH Gayle,M Chinnaswamy Stadium,Asad Rauf,AK Chaudhary,
393,2013,2,04-11-2013,10,13,10,2,normal,0,13,0,7,AJ Finch,Subrata Roy Sahara Stadium,M Erasmus,K Srinath,
394,2013,8,04-12-2013,7,1,7,2,normal,0,1,0,3,A Mishra,Feroz Shah Kotla,Aleem Dar,Subroto Das,
395,2013,6,4/13/2013,2,13,2,2,normal,0,2,41,0,RG Sharma,Wankhede Stadium,S Ravi,SJA Taufel,
396,2013,12,4/13/2013,5,9,9,1,normal,0,9,0,4,RA Jadeja,"MA Chidambaram Stadium, Chepauk",Asad Rauf,AK Chaudhary,
397,2013,7,4/14/2013,6,1,6,2,normal,0,6,48,0,G Gambhir,Eden Gardens,M Erasmus,VA Kulkarni,
398,2013,11,4/14/2013,8,10,10,1,normal,0,10,0,6,JP Faulkner,Sawai Mansingh Stadium,Aleem Dar,C Shamshuddin,
399,2013,12,4/15/2013,13,9,13,2,normal,0,13,24,0,SPD Smith,"MA Chidambaram Stadium, Chepauk",Asad Rauf,AK Chaudhary,
400,2013,9,4/16/2013,8,6,6,1,normal,0,8,4,0,MS Gony,"Punjab Cricket Association Stadium, Mohali",CK Nandan,SJA Taufel,
401,2013,5,4/16/2013,7,5,5,1,tie,0,5,0,0,V Kohli,M Chinnaswamy Stadium,M Erasmus,VA Kulkarni,
402,2013,2,4/17/2013,1,13,13,1,normal,0,1,11,0,A Mishra,Subrata Roy Sahara Stadium,Asad Rauf,AK Chaudhary,
403,2013,11,4/17/2013,10,2,10,2,normal,0,10,87,0,AM Rahane,Sawai Mansingh Stadium,Aleem Dar,C Shamshuddin,
404,2013,8,4/18/2013,9,7,9,2,normal,0,9,86,0,MEK Hussey,Feroz Shah Kotla,M Erasmus,VA Kulkarni,
405,2013,1,4/19/2013,8,1,8,2,normal,0,1,0,5,GH Vihari,"Rajiv Gandhi International Stadium, Uppal",HDPK Dharmasena,CK Nandan,
406,2013,7,4/20/2013,6,9,6,2,normal,0,9,0,4,RA Jadeja,Eden Gardens,Asad Rauf,AK Chaudhary,
407,2013,5,4/20/2013,10,5,5,1,normal,0,5,0,7,R Vinay Kumar,M Chinnaswamy Stadium,Aleem Dar,C Shamshuddin,
408,2013,8,4/21/2013,2,7,2,2,normal,0,7,0,9,V Sehwag,Feroz Shah Kotla,HDPK Dharmasena,S Ravi,
409,2013,9,4/21/2013,13,8,8,1,normal,0,8,0,7,DA Miller,"Punjab Cricket Association Stadium, Mohali",M Erasmus,K Srinath,
410,2013,12,4/22/2013,10,9,10,2,normal,0,9,0,5,MEK Hussey,"MA Chidambaram Stadium, Chepauk",S Asnani,AK Chaudhary,
411,2013,5,4/23/2013,5,13,13,1,normal,0,5,130,0,CH Gayle,M Chinnaswamy Stadium,Aleem Dar,C Shamshuddin,
412,2013,24,5/16/2013,8,7,7,1,normal,0,8,7,0,DA Miller,Himachal Pradesh Cricket Association Stadium,HDPK Dharmasena,S Ravi,
413,2013,7,4/24/2013,6,2,6,2,normal,0,2,0,5,DR Smith,Eden Gardens,HDPK Dharmasena,S Ravi,
414,2013,12,4/25/2013,1,9,1,2,normal,0,9,0,5,MS Dhoni,"MA Chidambaram Stadium, Chepauk",Aleem Dar,S Das,
415,2013,7,4/26/2013,8,6,8,2,normal,0,6,0,6,JH Kallis,Eden Gardens,CK Nandan,S Ravi,
416,2013,11,4/27/2013,1,10,1,2,normal,0,10,0,8,JP Faulkner,Sawai Mansingh Stadium,VA Kulkarni,K Srinath,
417,2013,6,4/27/2013,2,5,2,2,normal,0,2,58,0,DR Smith,Wankhede Stadium,Asad Rauf,S Asnani,
418,2013,12,4/28/2013,9,6,6,1,normal,0,9,14,0,MEK Hussey,"MA Chidambaram Stadium, Chepauk",Aleem Dar,SJA Taufel,
419,2013,27,4/28/2013,7,13,13,1,normal,0,7,15,0,DA Warner,Shaheed Veer Narayan Singh International Stadium,CK Nandan,S Ravi,
420,2013,11,4/29/2013,5,10,10,1,normal,0,10,0,4,SV Samson,Sawai Mansingh Stadium,M Erasmus,K Srinath,
421,2013,6,4/29/2013,2,8,2,2,normal,0,2,4,0,RG Sharma,Wankhede Stadium,Asad Rauf,AK Chaudhary,
422,2013,2,4/30/2013,9,13,9,2,normal,0,9,37,0,MS Dhoni,Subrata Roy Sahara Stadium,S Das,SJA Taufel,
423,2013,1,05-01-2013,2,1,2,2,normal,0,1,0,7,I Sharma,"Rajiv Gandhi International Stadium, Uppal",Asad Rauf,S Asnani,
424,2013,27,05-01-2013,6,7,6,2,normal,0,7,0,7,DA Warner,Shaheed Veer Narayan Singh International Stadium,HDPK Dharmasena,CK Nandan,
425,2013,12,05-02-2013,9,8,9,2,normal,0,9,15,0,SK Raina,"MA Chidambaram Stadium, Chepauk",M Erasmus,VA Kulkarni,
426,2013,2,05-02-2013,5,13,5,2,normal,0,5,17,0,AB de Villiers,Subrata Roy Sahara Stadium,Aleem Dar,C Shamshuddin,
427,2013,7,05-03-2013,10,6,10,2,normal,0,6,0,8,YK Pathan,Eden Gardens,HDPK Dharmasena,CK Nandan,
428,2013,1,05-04-2013,7,1,7,2,normal,0,1,0,6,DJG Sammy,"Rajiv Gandhi International Stadium, Uppal",Asad Rauf,S Asnani,
429,2013,5,5/14/2013,5,8,8,1,normal,0,8,0,7,AC Gilchrist,M Chinnaswamy Stadium,HDPK Dharmasena,S Ravi,
430,2013,6,05-05-2013,2,9,2,2,normal,0,2,60,0,MG Johnson,Wankhede Stadium,HDPK Dharmasena,CK Nandan,
431,2013,11,05-05-2013,13,10,13,2,normal,0,10,0,5,AM Rahane,Sawai Mansingh Stadium,C Shamshuddin,RJ Tucker,
432,2013,5,04-09-2013,1,5,1,2,normal,0,5,0,7,V Kohli,M Chinnaswamy Stadium,S Ravi,SJA Taufel,
433,2013,11,05-07-2013,7,10,7,2,normal,0,10,0,9,AM Rahane,Sawai Mansingh Stadium,Aleem Dar,RJ Tucker,
434,2013,6,05-07-2013,2,6,2,2,normal,0,2,65,0,SR Tendulkar,Wankhede Stadium,HDPK Dharmasena,S Ravi,
435,2013,1,05-08-2013,9,1,1,1,normal,0,9,77,0,SK Raina,"Rajiv Gandhi International Stadium, Uppal",S Das,NJ Llong,
436,2013,9,05-09-2013,8,10,10,1,normal,0,10,0,8,KK Cooper,"Punjab Cricket Association Stadium, Mohali",HDPK Dharmasena,S Ravi,
437,2013,2,05-09-2013,6,13,6,2,normal,0,6,46,0,G Gambhir,Subrata Roy Sahara Stadium,Asad Rauf,S Asnani,
438,2013,8,05-10-2013,5,7,7,1,normal,0,5,4,0,JD Unadkat,Feroz Shah Kotla,NJ Llong,K Srinath,
439,2013,2,05-11-2013,13,2,13,2,normal,0,2,0,5,MG Johnson,Subrata Roy Sahara Stadium,Asad Rauf,AK Chaudhary,
440,2013,9,05-11-2013,1,8,8,1,normal,0,1,30,0,PA Patel,"Punjab Cricket Association Stadium, Mohali",S Das,RJ Tucker,
441,2013,28,05-12-2013,5,6,6,1,normal,0,6,0,5,JH Kallis,JSCA International Stadium Complex,NJ Llong,K Srinath,
442,2013,11,05-12-2013,9,10,10,1,normal,0,10,0,5,SR Watson,Sawai Mansingh Stadium,HDPK Dharmasena,CK Nandan,
443,2013,8,4/23/2013,7,8,8,1,normal,0,8,0,5,Harmeet Singh,Feroz Shah Kotla,VA Kulkarni,K Srinath,
444,2013,6,5/13/2013,1,2,1,2,normal,0,2,0,7,KA Pollard,Wankhede Stadium,AK Chaudhary,SJA Taufel,
445,2013,28,5/15/2013,13,6,6,1,normal,0,13,7,0,MK Pandey,JSCA International Stadium Complex,NJ Llong,K Srinath,
446,2013,12,5/14/2013,9,7,9,2,normal,0,9,33,0,MS Dhoni,"MA Chidambaram Stadium, Chepauk",C Shamshuddin,RJ Tucker,
447,2013,6,5/15/2013,2,10,10,1,normal,0,2,14,0,AP Tare,Wankhede Stadium,Asad Rauf,S Asnani,
448,2013,9,05-06-2013,5,8,8,1,normal,0,8,0,6,DA Miller,"Punjab Cricket Association Stadium, Mohali",VA Kulkarni,NJ Llong,
449,2013,1,5/17/2013,1,10,1,2,normal,0,1,23,0,A Mishra,"Rajiv Gandhi International Stadium, Uppal",Asad Rauf,AK Chaudhary,
450,2013,24,5/18/2013,8,2,2,1,normal,0,8,50,0,Azhar Mahmood,Himachal Pradesh Cricket Association Stadium,HDPK Dharmasena,CK Nandan,
451,2013,2,5/19/2013,13,7,13,2,normal,0,13,38,0,LJ Wright,Subrata Roy Sahara Stadium,NJ Llong,SJA Taufel,
452,2013,5,5/18/2013,5,9,9,1,normal,0,5,24,0,V Kohli,M Chinnaswamy Stadium,C Shamshuddin,RJ Tucker,
453,2013,1,5/19/2013,6,1,6,2,normal,0,1,0,5,PA Patel,"Rajiv Gandhi International Stadium, Uppal",Asad Rauf,S Asnani,
454,2013,8,5/21/2013,9,2,9,2,normal,0,9,48,0,MEK Hussey,Feroz Shah Kotla,NJ Llong,RJ Tucker,
455,2013,8,5/22/2013,1,10,1,2,normal,0,10,0,4,BJ Hodge,Feroz Shah Kotla,S Ravi,RJ Tucker,
456,2013,7,5/24/2013,10,2,10,2,normal,0,2,0,4,Harbhajan Singh,Eden Gardens,C Shamshuddin,SJA Taufel,
457,2013,7,5/26/2013,2,9,2,2,normal,0,2,23,0,KA Pollard,Eden Gardens,HDPK Dharmasena,SJA Taufel,
458,2014,29,4/16/2014,6,2,6,2,normal,0,6,41,0,JH Kallis,Sheikh Zayed Stadium,M Erasmus,RK Illingworth,
459,2014,30,4/17/2014,7,5,5,1,normal,0,5,0,8,YS Chahal,Sharjah Cricket Stadium,Aleem Dar,S Ravi,
460,2014,29,4/18/2014,9,8,9,2,normal,0,8,0,6,GJ Maxwell,Sheikh Zayed Stadium,RK Illingworth,C Shamshuddin,
461,2014,29,4/18/2014,1,10,10,1,normal,0,10,0,4,AM Rahane,Sheikh Zayed Stadium,BF Bowden,RK Illingworth,
462,2014,31,4/19/2014,2,5,5,1,normal,0,5,0,7,PA Patel,Dubai International Cricket Stadium,Aleem Dar,AK Chaudhary,
463,2014,31,4/19/2014,6,7,6,2,normal,0,7,0,4,JP Duminy,Dubai International Cricket Stadium,Aleem Dar,VA Kulkarni,
464,2014,30,4/20/2014,10,8,8,1,normal,0,8,0,7,GJ Maxwell,Sharjah Cricket Stadium,BF Bowden,M Erasmus,
465,2014,29,4/21/2014,9,7,9,2,normal,0,9,93,0,SK Raina,Sheikh Zayed Stadium,RK Illingworth,C Shamshuddin,
466,2014,30,4/22/2014,8,1,1,1,normal,0,8,72,0,GJ Maxwell,Sharjah Cricket Stadium,M Erasmus,S Ravi,
467,2014,31,4/23/2014,9,10,10,1,normal,0,9,7,0,RA Jadeja,Dubai International Cricket Stadium,HDPK Dharmasena,RK Illingworth,
468,2014,30,4/24/2014,6,5,5,1,normal,0,6,2,0,CA Lynn,Sharjah Cricket Stadium,Aleem Dar,VA Kulkarni,
469,2014,31,4/25/2014,1,7,1,2,normal,0,1,4,0,AJ Finch,Dubai International Cricket Stadium,M Erasmus,S Ravi,
470,2014,31,4/25/2014,2,9,2,2,normal,0,9,0,7,MM Sharma,Dubai International Cricket Stadium,BF Bowden,M Erasmus,
471,2014,29,4/26/2014,5,10,10,1,normal,0,10,0,6,PV Tambe,Sheikh Zayed Stadium,HDPK Dharmasena,C Shamshuddin,
472,2014,29,4/26/2014,8,6,6,1,normal,0,8,23,0,Sandeep Sharma,Sheikh Zayed Stadium,HDPK Dharmasena,RK Illingworth,
473,2014,30,4/27/2014,2,7,2,2,normal,0,7,0,6,M Vijay,Sharjah Cricket Stadium,Aleem Dar,VA Kulkarni,
474,2014,30,4/27/2014,1,9,1,2,normal,0,9,0,5,DR Smith,Sharjah Cricket Stadium,AK Chaudhary,VA Kulkarni,
475,2014,31,4/28/2014,5,8,8,1,normal,0,8,0,5,Sandeep Sharma,Dubai International Cricket Stadium,BF Bowden,S Ravi,
476,2014,29,4/29/2014,10,6,10,2,tie,0,10,0,0,JP Faulkner,Sheikh Zayed Stadium,Aleem Dar,AK Chaudhary,
477,2014,31,4/30/2014,1,2,2,1,normal,0,1,15,0,B Kumar,Dubai International Cricket Stadium,HDPK Dharmasena,M Erasmus,
478,2014,28,05-02-2014,9,6,9,2,normal,0,9,34,0,RA Jadeja,JSCA International Stadium Complex,AK Chaudhary,NJ Llong,
479,2014,6,05-03-2014,8,2,8,2,normal,0,2,0,5,CJ Anderson,Wankhede Stadium,BNJ Oxenford,C Shamshuddin,
480,2014,8,05-03-2014,7,10,10,1,normal,0,10,0,7,KK Nair,Feroz Shah Kotla,SS Hazare,S Ravi,
481,2014,5,05-04-2014,1,5,5,1,normal,0,5,0,4,AB de Villiers,M Chinnaswamy Stadium,HDPK Dharmasena,VA Kulkarni,
482,2014,21,05-05-2014,10,6,6,1,normal,0,10,10,0,PV Tambe,"Sardar Patel Stadium, Motera",NJ Llong,CK Nandan,
483,2014,8,05-05-2014,7,9,9,1,normal,0,9,0,8,DR Smith,Feroz Shah Kotla,RM Deshpande,BNJ Oxenford,
484,2014,6,05-06-2014,2,5,5,1,normal,0,2,19,0,RG Sharma,Wankhede Stadium,S Ravi,K Srinath,
485,2014,8,05-07-2014,7,6,7,2,normal,0,6,0,8,G Gambhir,Feroz Shah Kotla,BNJ Oxenford,C Shamshuddin,
486,2014,22,05-07-2014,8,9,9,1,normal,0,8,44,0,GJ Maxwell,Barabati Stadium,HDPK Dharmasena,PG Pathak,
487,2014,21,05-08-2014,1,10,10,1,normal,0,1,32,0,B Kumar,"Sardar Patel Stadium, Motera",AK Chaudhary,NJ Llong,
488,2014,5,05-09-2014,8,5,5,1,normal,0,8,32,0,Sandeep Sharma,M Chinnaswamy Stadium,S Ravi,K Srinath,
489,2014,8,05-10-2014,7,1,1,1,normal,1,1,0,8,DW Steyn,Feroz Shah Kotla,RM Deshpande,BNJ Oxenford,
490,2014,6,05-10-2014,2,9,9,1,normal,0,9,0,4,DR Smith,Wankhede Stadium,HDPK Dharmasena,VA Kulkarni,
491,2014,22,05-11-2014,8,6,6,1,normal,0,6,0,9,G Gambhir,Barabati Stadium,NJ Llong,CK Nandan,
492,2014,5,05-11-2014,5,10,5,2,normal,0,10,0,5,JP Faulkner,M Chinnaswamy Stadium,S Ravi,RJ Tucker,
493,2014,1,05-12-2014,1,2,1,2,normal,0,2,0,7,AT Rayudu,"Rajiv Gandhi International Stadium, Uppal",HDPK Dharmasena,VA Kulkarni,
494,2014,28,5/13/2014,10,9,10,2,normal,0,9,0,5,RA Jadeja,JSCA International Stadium Complex,BNJ Oxenford,C Shamshuddin,
495,2014,5,5/13/2014,5,7,7,1,normal,0,5,16,0,Yuvraj Singh,M Chinnaswamy Stadium,K Srinath,RJ Tucker,
496,2014,1,5/14/2014,1,8,8,1,normal,0,8,0,6,WP Saha,"Rajiv Gandhi International Stadium, Uppal",VA Kulkarni,PG Pathak,
497,2014,22,5/14/2014,2,6,6,1,normal,0,6,0,6,RV Uthappa,Barabati Stadium,AK Chaudhary,NJ Llong,
498,2014,21,5/15/2014,10,7,7,1,normal,0,10,62,0,AM Rahane,"Sardar Patel Stadium, Motera",S Ravi,RJ Tucker,
499,2014,28,5/18/2014,9,5,9,2,normal,0,5,0,5,AB de Villiers,JSCA International Stadium Complex,BNJ Oxenford,C Shamshuddin,
500,2014,1,5/18/2014,1,6,1,2,normal,0,6,0,7,UT Yadav,"Rajiv Gandhi International Stadium, Uppal",NJ Llong,CK Nandan,
501,2014,21,5/19/2014,2,10,2,2,normal,0,2,25,0,MEK Hussey,"Sardar Patel Stadium, Motera",S Ravi,RJ Tucker,
502,2014,8,5/19/2014,7,8,8,1,normal,0,8,0,4,AR Patel,Feroz Shah Kotla,HDPK Dharmasena,PG Pathak,
503,2014,1,5/20/2014,5,1,5,2,normal,0,1,0,7,DA Warner,"Rajiv Gandhi International Stadium, Uppal",AK Chaudhary,NJ Llong,
504,2014,7,5/20/2014,9,6,6,1,normal,0,6,0,8,RV Uthappa,Eden Gardens,RM Deshpande,C Shamshuddin,
505,2014,9,5/21/2014,8,2,2,1,normal,0,2,0,7,LMP Simmons,"Punjab Cricket Association Stadium, Mohali",HDPK Dharmasena,VA Kulkarni,
506,2014,7,5/22/2014,6,5,5,1,normal,0,6,30,0,RV Uthappa,Eden Gardens,AK Chaudhary,CK Nandan,
507,2014,28,5/22/2014,9,1,1,1,normal,0,1,0,6,DA Warner,JSCA International Stadium Complex,BNJ Oxenford,C Shamshuddin,
508,2014,6,5/23/2014,2,7,7,1,normal,0,2,15,0,MEK Hussey,Wankhede Stadium,S Ravi,RJ Tucker,
509,2014,9,5/23/2014,8,10,10,1,normal,0,8,16,0,SE Marsh,"Punjab Cricket Association Stadium, Mohali",HDPK Dharmasena,PG Pathak,
510,2014,5,5/24/2014,5,9,9,1,normal,0,9,0,8,MS Dhoni,M Chinnaswamy Stadium,AK Chaudhary,NJ Llong,
511,2014,7,5/24/2014,1,6,6,1,normal,0,6,0,4,YK Pathan,Eden Gardens,RM Deshpande,BNJ Oxenford,
512,2014,9,5/25/2014,7,8,8,1,normal,0,8,0,7,M Vohra,"Punjab Cricket Association Stadium, Mohali",HDPK Dharmasena,VA Kulkarni,
513,2014,6,5/25/2014,10,2,2,1,normal,0,2,0,5,CJ Anderson,Wankhede Stadium,K Srinath,RJ Tucker,
514,2014,7,5/27/2014,6,8,8,1,normal,0,6,28,0,UT Yadav,Eden Gardens,NJ Llong,S Ravi,
515,2014,6,5/28/2014,2,9,9,1,normal,0,9,0,7,SK Raina,Brabourne Stadium,VA Kulkarni,BNJ Oxenford,
516,2014,6,5/30/2014,8,9,9,1,normal,0,8,24,0,V Sehwag,Wankhede Stadium,HDPK Dharmasena,RJ Tucker,
517,2014,5,06-01-2014,8,6,6,1,normal,0,6,0,3,MK Pandey,M Chinnaswamy Stadium,HDPK Dharmasena,BNJ Oxenford,
518,2015,7,04-08-2015,2,6,6,1,normal,0,6,0,7,M Morkel,Eden Gardens,S Ravi,C Shamshuddin,
519,2015,12,04-09-2015,9,7,7,1,normal,0,9,1,0,A Nehra,"MA Chidambaram Stadium, Chepauk",RK Illingworth,VA Kulkarni,
520,2015,2,04-10-2015,10,8,8,1,normal,0,10,26,0,JP Faulkner,Maharashtra Cricket Association Stadium,SD Fry,CB Gaffaney,
521,2015,12,04-11-2015,9,1,9,2,normal,0,9,45,0,BB McCullum,"MA Chidambaram Stadium, Chepauk",RK Illingworth,VA Kulkarni,
522,2015,7,04-11-2015,6,5,5,1,normal,0,5,0,3,CH Gayle,Eden Gardens,S Ravi,C Shamshuddin,
523,2015,8,04-12-2015,7,10,10,1,normal,0,10,0,3,DJ Hooda,Feroz Shah Kotla,SD Fry,CB Gaffaney,
524,2015,6,04-12-2015,8,2,2,1,normal,0,8,18,0,GJ Bailey,Wankhede Stadium,AK Chaudhary,K Srinivasan,
525,2015,5,4/13/2015,5,1,1,1,normal,0,1,0,8,DA Warner,M Chinnaswamy Stadium,RM Deshpande,RK Illingworth,
526,2015,21,4/14/2015,2,10,2,2,normal,0,10,0,7,SPD Smith,"Sardar Patel Stadium, Motera",AK Chaudhary,SD Fry,
527,2015,7,4/30/2015,9,6,6,1,normal,0,6,0,7,AD Russell,Eden Gardens,AK Chaudhary,M Erasmus,
528,2015,2,4/15/2015,8,7,8,2,normal,0,7,0,5,MA Agarwal,Maharashtra Cricket Association Stadium,CB Gaffaney,K Srinath,
529,2015,26,4/16/2015,1,10,10,1,normal,0,10,0,6,AM Rahane,Dr. Y.S. Rajasekhara Reddy ACA-VDCA Cricket Stadium,PG Pathak,S Ravi,
530,2015,6,4/17/2015,2,9,2,2,normal,0,9,0,6,A Nehra,Wankhede Stadium,AK Chaudhary,M Erasmus,
531,2015,26,4/18/2015,7,1,7,2,normal,0,7,4,0,JP Duminy,Dr. Y.S. Rajasekhara Reddy ACA-VDCA Cricket Stadium,PG Pathak,S Ravi,
532,2015,2,4/18/2015,8,6,6,1,normal,0,6,0,4,AD Russell,Maharashtra Cricket Association Stadium,SD Fry,CK Nandan,
533,2015,21,4/19/2015,9,10,9,2,normal,0,10,0,8,AM Rahane,"Sardar Patel Stadium, Motera",AK Chaudhary,M Erasmus,
534,2015,5,4/19/2015,2,5,5,1,normal,0,2,18,0,Harbhajan Singh,M Chinnaswamy Stadium,RK Illingworth,VA Kulkarni,
535,2015,8,4/20/2015,7,6,6,1,normal,0,6,0,6,UT Yadav,Feroz Shah Kotla,SD Fry,CB Gaffaney,
536,2015,21,4/21/2015,10,8,8,1,tie,0,8,0,0,SE Marsh,"Sardar Patel Stadium, Motera",M Erasmus,S Ravi,
537,2015,26,4/22/2015,1,6,6,1,normal,1,1,16,0,DA Warner,Dr. Y.S. Rajasekhara Reddy ACA-VDCA Cricket Stadium,RK Illingworth,VA Kulkarni,
538,2015,5,4/22/2015,9,5,5,1,normal,0,9,27,0,SK Raina,M Chinnaswamy Stadium,JD Cloete,C Shamshuddin,
539,2015,8,4/23/2015,7,2,2,1,normal,0,7,37,0,SS Iyer,Feroz Shah Kotla,SD Fry,CK Nandan,
540,2015,21,4/24/2015,10,5,5,1,normal,0,5,0,9,MA Starc,"Sardar Patel Stadium, Motera",M Erasmus,S Ravi,
541,2015,6,4/25/2015,2,1,2,2,normal,0,2,20,0,SL Malinga,Wankhede Stadium,HDPK Dharmasena,CB Gaffaney,
542,2015,12,4/25/2015,9,8,9,2,normal,0,9,97,0,BB McCullum,"MA Chidambaram Stadium, Chepauk",JD Cloete,C Shamshuddin,
543,2015,8,4/26/2015,7,5,5,1,normal,0,5,0,10,VR Aaron,Feroz Shah Kotla,M Erasmus,S Ravi,
544,2015,9,4/27/2015,1,8,8,1,normal,0,1,20,0,TA Boult,"Punjab Cricket Association Stadium, Mohali",HDPK Dharmasena,CB Gaffaney,
545,2015,7,05-07-2015,6,7,6,2,normal,0,6,13,0,PP Chawla,Eden Gardens,AK Chaudhary,M Erasmus,
546,2015,5,4/29/2015,5,10,10,1,no result,0,no result,0,0,,M Chinnaswamy Stadium,JD Cloete,PG Pathak,
547,2015,12,4/28/2015,9,6,6,1,normal,0,9,2,0,DJ Bravo,"MA Chidambaram Stadium, Chepauk",RM Deshpande,VA Kulkarni,
548,2015,8,05-01-2015,8,7,7,1,normal,0,7,0,9,NM Coulter-Nile,Feroz Shah Kotla,RK Illingworth,S Ravi,
549,2015,6,05-01-2015,2,10,10,1,normal,0,2,8,0,AT Rayudu,Wankhede Stadium,HDPK Dharmasena,CK Nandan,
550,2015,5,05-02-2015,6,5,5,1,normal,0,5,0,7,Mandeep Singh,M Chinnaswamy Stadium,JD Cloete,PG Pathak,
551,2015,1,05-02-2015,1,9,9,1,normal,0,1,22,0,DA Warner,"Rajiv Gandhi International Stadium, Uppal",AK Chaudhary,K Srinivasan,
552,2015,9,05-03-2015,2,8,2,2,normal,0,2,23,0,LMP Simmons,"Punjab Cricket Association Stadium, Mohali",RK Illingworth,VA Kulkarni,
553,2015,6,05-03-2015,10,7,7,1,normal,0,10,14,0,AM Rahane,Brabourne Stadium,HDPK Dharmasena,CB Gaffaney,
554,2015,12,05-04-2015,9,5,9,2,normal,0,9,24,0,SK Raina,"MA Chidambaram Stadium, Chepauk",C Shamshuddin,K Srinath,
555,2015,7,05-04-2015,6,1,1,1,normal,0,6,35,0,UT Yadav,Eden Gardens,AK Chaudhary,M Erasmus,
556,2015,6,05-05-2015,7,2,7,2,normal,0,2,0,5,Harbhajan Singh,Wankhede Stadium,HDPK Dharmasena,CB Gaffaney,
557,2015,5,05-06-2015,5,8,8,1,normal,0,5,138,0,CH Gayle,M Chinnaswamy Stadium,RK Illingworth,VA Kulkarni,
558,2015,6,05-07-2015,1,10,10,1,normal,0,1,7,0,EJG Morgan,Brabourne Stadium,JD Cloete,C Shamshuddin,
559,2015,12,05-08-2015,9,2,9,2,normal,0,2,0,6,HH Pandya,"MA Chidambaram Stadium, Chepauk",CB Gaffaney,CK Nandan,
560,2015,7,05-09-2015,8,6,8,2,normal,0,6,0,1,AD Russell,Eden Gardens,AK Chaudhary,HDPK Dharmasena,
561,2015,27,05-09-2015,1,7,1,2,normal,0,1,6,0,MC Henriques,Shaheed Veer Narayan Singh International Stadium,VA Kulkarni,S Ravi,
562,2015,6,05-10-2015,5,2,5,2,normal,0,5,39,0,AB de Villiers,Wankhede Stadium,JD Cloete,C Shamshuddin,
563,2015,12,05-10-2015,9,10,9,2,normal,0,9,12,0,RA Jadeja,"MA Chidambaram Stadium, Chepauk",M Erasmus,CK Nandan,
564,2015,1,05-11-2015,1,8,1,2,normal,0,1,5,0,DA Warner,"Rajiv Gandhi International Stadium, Uppal",AK Chaudhary,HDPK Dharmasena,
565,2015,27,05-12-2015,9,7,9,2,normal,0,7,0,6,Z Khan,Shaheed Veer Narayan Singh International Stadium,RK Illingworth,VA Kulkarni,
566,2015,9,5/13/2015,8,5,5,1,normal,0,8,22,0,AR Patel,"Punjab Cricket Association Stadium, Mohali",JD Cloete,C Shamshuddin,
567,2015,6,5/14/2015,2,6,6,1,normal,0,2,5,0,HH Pandya,Wankhede Stadium,RK Illingworth,VA Kulkarni,
568,2015,1,5/15/2015,1,5,1,2,normal,1,5,0,6,V Kohli,"Rajiv Gandhi International Stadium, Uppal",AK Chaudhary,HDPK Dharmasena,
569,2015,9,5/16/2015,8,9,8,2,normal,0,9,0,7,P Negi,"Punjab Cricket Association Stadium, Mohali",CK Nandan,C Shamshuddin,
570,2015,6,5/16/2015,10,6,10,2,normal,0,10,9,0,SR Watson,Brabourne Stadium,RM Deshpande,RK Illingworth,
571,2015,5,5/17/2015,7,5,5,1,no result,0,no result,0,0,,M Chinnaswamy Stadium,HDPK Dharmasena,K Srinivasan,
572,2015,1,5/17/2015,1,2,1,2,normal,0,2,0,9,MJ McClenaghan,"Rajiv Gandhi International Stadium, Uppal",CB Gaffaney,K Srinath,
573,2015,6,5/19/2015,2,9,2,2,normal,0,2,25,0,KA Pollard,Wankhede Stadium,HDPK Dharmasena,RK Illingworth,
574,2015,2,5/20/2015,5,10,5,2,normal,0,5,71,0,AB de Villiers,Maharashtra Cricket Association Stadium,AK Chaudhary,C Shamshuddin,
575,2015,28,5/22/2015,5,9,9,1,normal,0,9,0,3,A Nehra,JSCA International Stadium Complex,AK Chaudhary,CB Gaffaney,
576,2015,7,5/24/2015,2,9,9,1,normal,0,2,41,0,RG Sharma,Eden Gardens,HDPK Dharmasena,RK Illingworth,
577,2016,6,04-09-2016,2,14,2,2,normal,0,14,0,9,AM Rahane,Wankhede Stadium,HDPK Dharmasena,CK Nandan,
578,2016,7,04-10-2016,7,6,6,1,normal,0,6,0,9,AD Russell,Eden Gardens,S Ravi,C Shamshuddin,
579,2016,9,04-11-2016,8,3,3,1,normal,0,3,0,5,AJ Finch,"Punjab Cricket Association IS Bindra Stadium, Mohali",AK Chaudhary,VA Kulkarni,
580,2016,5,04-12-2016,5,1,1,1,normal,0,5,45,0,AB de Villiers,M Chinnaswamy Stadium,HDPK Dharmasena,VK Sharma,
581,2016,7,4/13/2016,6,2,2,1,normal,0,2,0,6,RG Sharma,Eden Gardens,Nitin Menon,S Ravi,
582,2016,3,4/14/2016,14,3,14,2,normal,0,3,0,7,AJ Finch,Saurashtra Cricket Association Stadium,VA Kulkarni,CK Nandan,
583,2016,8,4/15/2016,8,7,7,1,normal,0,7,0,8,A Mishra,Feroz Shah Kotla,S Ravi,C Shamshuddin,
584,2016,1,4/16/2016,1,6,1,2,normal,0,6,0,8,G Gambhir,"Rajiv Gandhi International Stadium, Uppal",AK Chaudhary,CK Nandan,
585,2016,6,4/16/2016,2,3,3,1,normal,0,3,0,3,AJ Finch,Wankhede Stadium,HDPK Dharmasena,VK Sharma,
586,2016,9,4/17/2016,14,8,14,2,normal,0,8,0,6,M Vohra,"Punjab Cricket Association IS Bindra Stadium, Mohali",S Ravi,C Shamshuddin,
587,2016,5,4/17/2016,5,7,7,1,normal,0,7,0,7,Q de Kock,M Chinnaswamy Stadium,VA Kulkarni,A Nand Kishore,
588,2016,1,4/18/2016,2,1,1,1,normal,0,1,0,7,DA Warner,"Rajiv Gandhi International Stadium, Uppal",HDPK Dharmasena,VK Sharma,
589,2016,9,4/19/2016,8,6,6,1,normal,0,6,0,6,RV Uthappa,"Punjab Cricket Association IS Bindra Stadium, Mohali",S Ravi,C Shamshuddin,
590,2016,6,4/20/2016,5,2,2,1,normal,0,2,0,6,RG Sharma,Wankhede Stadium,AK Chaudhary,CK Nandan,
591,2016,3,4/21/2016,3,1,1,1,normal,0,1,0,10,B Kumar,Saurashtra Cricket Association Stadium,K Bharatan,HDPK Dharmasena,
592,2016,2,4/22/2016,5,14,14,1,normal,0,5,13,0,AB de Villiers,Maharashtra Cricket Association Stadium,CB Gaffaney,VK Sharma,
593,2016,8,4/23/2016,7,2,2,1,normal,0,7,10,0,SV Samson,Feroz Shah Kotla,S Ravi,C Shamshuddin,
594,2016,1,4/23/2016,8,1,1,1,normal,0,1,0,5,Mustafizur Rahman,"Rajiv Gandhi International Stadium, Uppal",AK Chaudhary,CK Nandan,
595,2016,3,4/24/2016,5,3,5,2,normal,0,3,0,6,V Kohli,Saurashtra Cricket Association Stadium,K Bharatan,BNJ Oxenford,
596,2016,2,4/24/2016,14,6,6,1,normal,0,6,0,2,SA Yadav,Maharashtra Cricket Association Stadium,CB Gaffaney,A Nand Kishore,
597,2016,9,4/25/2016,2,8,8,1,normal,0,2,25,0,PA Patel,"Punjab Cricket Association IS Bindra Stadium, Mohali",Nitin Menon,RJ Tucker,
598,2016,1,4/26/2016,1,14,14,1,normal,1,14,34,0,AB Dinda,"Rajiv Gandhi International Stadium, Uppal",AY Dandekar,CK Nandan,
599,2016,8,4/27/2016,3,7,7,1,normal,0,3,1,0,CH Morris,Feroz Shah Kotla,M Erasmus,S Ravi,
600,2016,6,4/28/2016,6,2,2,1,normal,0,2,0,6,RG Sharma,Wankhede Stadium,Nitin Menon,RJ Tucker,
601,2016,2,4/29/2016,14,3,3,1,normal,0,3,0,3,DR Smith,Maharashtra Cricket Association Stadium,CB Gaffaney,BNJ Oxenford,
602,2016,8,4/30/2016,7,6,6,1,normal,0,7,27,0,CR Brathwaite,Feroz Shah Kotla,KN Ananthapadmanabhan,M Erasmus,
603,2016,1,4/30/2016,1,5,5,1,normal,0,1,15,0,DA Warner,"Rajiv Gandhi International Stadium, Uppal",AK Chaudhary,HDPK Dharmasena,
604,2016,3,05-01-2016,8,3,3,1,normal,0,8,23,0,AR Patel,Saurashtra Cricket Association Stadium,BNJ Oxenford,VK Sharma,
605,2016,2,05-01-2016,14,2,2,1,normal,0,2,0,8,RG Sharma,Maharashtra Cricket Association Stadium,AY Dandekar,RJ Tucker,
606,2016,5,05-02-2016,5,6,6,1,normal,0,6,0,5,AD Russell,M Chinnaswamy Stadium,M Erasmus,S Ravi,
607,2016,3,05-03-2016,3,7,7,1,normal,0,7,0,8,RR Pant,Saurashtra Cricket Association Stadium,CB Gaffaney,BNJ Oxenford,
608,2016,7,05-04-2016,6,8,8,1,normal,0,6,7,0,AD Russell,Eden Gardens,AK Chaudhary,HDPK Dharmasena,
609,2016,8,05-05-2016,7,14,14,1,normal,0,14,0,7,AM Rahane,Feroz Shah Kotla,C Shamshuddin,RJ Tucker,
610,2016,1,05-06-2016,3,1,1,1,normal,0,1,0,5,B Kumar,"Rajiv Gandhi International Stadium, Uppal",M Erasmus,S Ravi,
611,2016,5,05-07-2016,14,5,5,1,normal,0,5,0,7,V Kohli,M Chinnaswamy Stadium,CB Gaffaney,BNJ Oxenford,
612,2016,9,05-07-2016,8,7,7,1,normal,0,8,9,0,MP Stoinis,"Punjab Cricket Association IS Bindra Stadium, Mohali",HDPK Dharmasena,CK Nandan,
613,2016,26,05-08-2016,1,2,2,1,normal,0,1,85,0,A Nehra,Dr. Y.S. Rajasekhara Reddy ACA-VDCA Cricket Stadium,S Ravi,C Shamshuddin,
614,2016,7,05-08-2016,6,3,3,1,normal,0,3,0,5,P Kumar,Eden Gardens,M Erasmus,RJ Tucker,
615,2016,9,05-09-2016,5,8,8,1,normal,0,5,1,0,SR Watson,"Punjab Cricket Association IS Bindra Stadium, Mohali",AK Chaudhary,HDPK Dharmasena,
616,2016,26,05-10-2016,1,14,1,2,normal,0,1,4,0,A Zampa,Dr. Y.S. Rajasekhara Reddy ACA-VDCA Cricket Stadium,CB Gaffaney,VK Sharma,
617,2016,5,05-11-2016,5,2,2,1,normal,0,2,0,6,KH Pandya,M Chinnaswamy Stadium,AY Dandekar,C Shamshuddin,
618,2016,1,05-12-2016,1,7,7,1,normal,0,7,0,7,CH Morris,"Rajiv Gandhi International Stadium, Uppal",K Bharatan,M Erasmus,
619,2016,26,5/13/2016,2,8,2,2,normal,0,8,0,7,MP Stoinis,Dr. Y.S. Rajasekhara Reddy ACA-VDCA Cricket Stadium,HDPK Dharmasena,CK Nandan,
620,2016,5,5/14/2016,5,3,3,1,normal,0,5,144,0,AB de Villiers,M Chinnaswamy Stadium,AY Dandekar,VK Sharma,
621,2016,7,5/14/2016,14,6,14,2,normal,1,6,0,8,YK Pathan,Eden Gardens,A Nand Kishore,BNJ Oxenford,
622,2016,9,5/15/2016,8,1,8,2,normal,0,1,0,7,HM Amla,"Punjab Cricket Association IS Bindra Stadium, Mohali",KN Ananthapadmanabhan,M Erasmus,
623,2016,26,5/15/2016,2,7,7,1,normal,0,2,80,0,KH Pandya,Dr. Y.S. Rajasekhara Reddy ACA-VDCA Cricket Stadium,Nitin Menon,CK Nandan,
624,2016,7,5/16/2016,6,5,5,1,normal,0,5,0,9,V Kohli,Eden Gardens,CB Gaffaney,A Nand Kishore,
625,2016,26,5/17/2016,7,14,14,1,normal,1,14,19,0,AB Dinda,Dr. Y.S. Rajasekhara Reddy ACA-VDCA Cricket Stadium,Nitin Menon,C Shamshuddin,
626,2016,5,5/18/2016,5,8,8,1,normal,1,5,82,0,V Kohli,M Chinnaswamy Stadium,KN Ananthapadmanabhan,M Erasmus,
627,2016,10,5/19/2016,6,3,3,1,normal,0,3,0,6,DR Smith,Green Park,AK Chaudhary,CK Nandan,
628,2016,27,5/20/2016,1,7,7,1,normal,0,7,0,6,KK Nair,Shaheed Veer Narayan Singh International Stadium,A Nand Kishore,BNJ Oxenford,
629,2016,26,5/21/2016,8,14,8,2,normal,0,14,0,4,MS Dhoni,Dr. Y.S. Rajasekhara Reddy ACA-VDCA Cricket Stadium,HDPK Dharmasena,Nitin Menon,
630,2016,10,5/21/2016,2,3,3,1,normal,0,3,0,6,SK Raina,Green Park,AK Chaudhary,CK Nandan,
631,2016,7,5/22/2016,6,1,1,1,normal,0,6,22,0,YK Pathan,Eden Gardens,KN Ananthapadmanabhan,M Erasmus,
632,2016,27,5/22/2016,7,5,5,1,normal,0,5,0,6,V Kohli,Shaheed Veer Narayan Singh International Stadium,A Nand Kishore,BNJ Oxenford,
633,2016,5,5/24/2016,3,5,5,1,normal,0,5,0,4,AB de Villiers,M Chinnaswamy Stadium,AK Chaudhary,HDPK Dharmasena,
634,2016,8,5/25/2016,1,6,6,1,normal,0,1,22,0,MC Henriques,Feroz Shah Kotla,M Erasmus,C Shamshuddin,
635,2016,8,5/27/2016,3,1,1,1,normal,0,1,0,4,DA Warner,Feroz Shah Kotla,M Erasmus,CK Nandan,
636,2016,5,5/29/2016,1,5,1,2,normal,0,1,8,0,BCJ Cutting,M Chinnaswamy Stadium,HDPK Dharmasena,BNJ Oxenford,
637,2018,6,07-Apr,2,9,9,1,,,9,,,,,,,
638,2018,32,08-Apr,7,8,8,1,,,8,,,,,,,
639,2018,7,04-08-2018,5,6,6,1,,,6,,,,,,,
640,2018,1,09-Apr,10,1,1,1,,,10,,,,,,,
641,2018,12,04-10-2018,6,9,9,1,,,9,,,,,,,
642,2018,11,11-Apr,10,7,7,1,,,10,,,,,,,
643,2018,1,04-12-2018,2,1,1,1,,,1,,,,,,,
644,2018,5,13-Apr,8,5,5,1,,,5,,,,,,,
645,2018,6,14-Apr,2,7,7,1,,,7,,,,,,,
646,2018,7,14-Apr,6,1,1,1,,,1,,,,,,,
647,2018,5,15-Apr,10,5,5,1,,,10,,,,,,,
648,2018,32,15-Apr,8,9,9,1,,,8,,,,,,,
649,2018,7,16-Apr,6,7,7,1,,,6,,,,,,,
650,2018,6,17-Apr,2,5,5,1,,,2,,,,,,,
651,2018,11,18-Apr,10,6,6,1,,,6,,,,,,,
652,2018,32,19-Apr,8,1,8,2,,,8,,,,,,,
653,2018,2,20-Apr,9,10,10,1,,,9,,,,,,,
654,2018,7,21-Apr,6,8,8,1,,,8,,,,,,,
655,2018,5,21-Apr,7,5,5,1,,,5,,,,,,,
656,2018,1,22-Apr,9,1,1,1,,,9,,,,,,,
657,2018,11,22-Apr,2,10,2,2,,,10,,,,,,,
658,2018,8,23-Apr,8,7,7,1,,,8,,,,,,,
659,2018,6,24-Apr,1,2,2,1,,,1,,,,,,,
660,2018,5,25-Apr,5,9,9,1,,,9,,,,,,,
661,2018,1,26-Apr,1,8,8,1,,,1,,,,,,,
662,2018,8,27-Apr,7,6,6,1,,,7,,,,,,,
663,2018,2,28-Apr,9,2,2,1,,,2,,,,,,,
664,2018,11,29-Apr,1,10,1,2,,,1,,,,,,,
665,2018,5,29-Apr,6,5,6,1,,,6,,,,,,,
666,2018,2,30-Apr,9,7,7,1,,,9,,,,,,,
667,2018,5,01-May,5,2,2,1,,,5,,,,,,,
668,2018,8,02-May,7,10,10,1,,,7,,,,,,,
669,2018,7,03-May,6,9,6,1,,,6,,,,,,,
670,2018,4,04-May,8,2,2,1,,,2,,,,,,,
